File,Precision,Recall,F1_Score
acts_1981-01-29_Presidential_Elections_Special_Provisions_si_summary.txt,0.8461649417877197,0.7703474760055542,0.8064782619476318
acts_1981-02-27_Government_Quarters_Recovery_of_PossessionAmendment_si_summary.txt,0.835771381855011,0.7487521171569824,0.7898722887039185
acts_1981-03-12_Buddhist_Temporalities_Amendment_si_summary.txt,0.8054742813110352,0.736940860748291,0.7696850299835205
acts_1981-03-12_Census_Amendment_si_summary.txt,0.8680358529090881,0.7869443893432617,0.8255034685134888
acts_1981-03-12_Ceylon_Institute_of_Scientific_and_Industrial_Research_Amendment_si_summary.txt,0.8533432483673096,0.7701908349990845,0.8096376657485962
acts_1981-05-07_Agrarian_Research_and_Training_Institute_Amendment_si_summary.txt,0.7675291895866394,0.6933108568191528,0.7285346984863281
acts_1981-07-07_Development_Councils_Amendment_si_summary.txt,0.806108295917511,0.754448413848877,0.7794232964515686
acts_1981-08-28_Maternity_Benefits_Amendment_si_summary.txt,0.8333330750465393,0.7328168153762817,0.7798492908477783
acts_1981-09-28_Guides_Amendment_si_summary.txt,0.8935073614120483,0.8263645172119141,0.8586253523826599
acts_1981-10-29_Mahapola_Higher_Education_Scholarship_Trust_Fund_si_summary.txt,0.8661249876022339,0.7703981399536133,0.8154618144035339
acts_1981-11-03_Sir_John_Kotalawala_Defence_Academy_si_summary.txt,0.8181588649749756,0.802082896232605,0.8100411295890808
acts_1981-12-29_National_Institute_of_Plantation_Management_Amendment_si_summary.txt,0.8600667715072632,0.7486312389373779,0.8004894256591797
acts_1981-12-29_Sugarcane_Research_Institute_si_summary.txt,0.7935646176338196,0.7351841926574707,0.7632597088813782
acts_1982-01-20_Air_Navigation_Special_Provisions_si_summary.txt,0.8561646342277527,0.7753479480743408,0.813754677772522
acts_1982-01-20_Employees_Trust_Fund_Amendment_si_summary.txt,0.8561875224113464,0.785018265247345,0.8190597891807556
acts_1982-05-31_Badulla_Sri_Saddharmananda_Association_Incorporation_si_summary.txt,0.8518317341804504,0.7772841453552246,0.8128523230552673
acts_1982-10-12_National_Crafts_Council_and_Allied_Institutions_si_summary.txt,0.8519130945205688,0.7598798871040344,0.8032689094543457
acts_1982-12-30_Criminal_Procedure_Special_Provisions_Amendment_si_summary.txt,0.8786542415618896,0.80457603931427,0.8399850726127625
acts_1982-12-30_Thanthai_Chelva_Memorial_Trust_Incorporation_si_summary.txt,0.8226129412651062,0.7713555693626404,0.796160101890564
acts_1982-12-31_Colombo_District_Low_-_lying_Areas_Reclamation_and_Development_Board_Amendment_si_summary.txt,0.8638300895690918,0.7741115689277649,0.81651371717453
acts_1983-01-27_Katugastota_Bauddha_Balamandalaya_Incorporation_si_summary.txt,0.7683671712875366,0.7163694500923157,0.7414577603340149
acts_1983-01-27_Knives_Amendment_si_summary.txt,0.7800277471542358,0.7234525084495544,0.7506757378578186
acts_1983-05-19_Makola_Muslim_Orphanage_Incorporation_si_summary.txt,0.7766553163528442,0.7166933417320251,0.7454705238342285
acts_1983-07-05_Obscene_Publications_Amendment_si_summary.txt,0.7880291938781738,0.726899266242981,0.756230890750885
acts_1983-08-10_Printers_and_Publishers_Amendment_si_summary.txt,0.8850216865539551,0.8306101560592651,0.8569530844688416
acts_1983-08-10_Young_Mens_Buddhist_Association_Minuwangoda_Incorporation_si_summary.txt,0.8415520191192627,0.791469931602478,0.8157430291175842
acts_1983-10-07_Turnover_Tax_Amendment_si_summary.txt,0.858141303062439,0.7758525609970093,0.8149248957633972
acts_1983-10-17_Lajnathul_Masjidul_Jamiya_Sailan_Incorporation_si_summary.txt,0.8590846061706543,0.8050402402877808,0.8311848640441895
acts_1983-12-08_Motor_Traffic_Amendment_si_summary.txt,0.899283766746521,0.8442312479019165,0.870888352394104
acts_1983-12-29_Rehabilitation_Levy_si_summary.txt,0.8582131862640381,0.7897628545761108,0.8225664496421814
acts_1984-01-13_Employees_Councils_Amendment_si_summary.txt,0.8515854477882385,0.7918353080749512,0.8206242918968201
acts_1984-01-13_Gampaha_Young_Mens_Buddhist_Association_Incor_si_summary.txt,0.8680590391159058,0.8081376552581787,0.8370273113250732
acts_1984-01-13_Kandy_Friend-In-Need_Society_Incorporation_si_summary.txt,0.8623684048652649,0.7989232540130615,0.829434335231781
acts_1984-01-27_Sri_Lanka_Standards_Institution_si_summary.txt,0.8174220323562622,0.7628578543663025,0.7891979813575745
acts_1984-01-31_Sri_Lanka_Ports_Authority_Amendment_si_summary.txt,0.8671170473098755,0.7762818336486816,0.8191891312599182
acts_1984-06-27_Sukhitha_Subasadhaka_Sangamaya_Incorporation_si_summary.txt,0.8571867942810059,0.7909224629402161,0.8227224946022034
acts_1984-07-25_Sarvodaya_Trust_Fund_For_the_Advancement_of_Humanity_Development_and_Peace_Incorporation_si_summary.txt,0.8322392702102661,0.7407948970794678,0.783859133720398
acts_1984-10-11_Cosmetics_Devices_and_Drugs_Amendment_si_summary.txt,0.8459728956222534,0.7799438238143921,0.8116176128387451
acts_1984-11-05_Police_Amendment_si_summary.txt,0.8733704686164856,0.7993288040161133,0.834710955619812
acts_1985-01-09_Energy_Conservation_Fund_si_summary.txt,0.8138595223426819,0.7817748188972473,0.797494649887085
acts_1985-08-06_Declaration_of_Assets_and_Liabilities_Amendment_si_summary.txt,0.8856576681137085,0.8251150250434875,0.8543150424957275
acts_1985-08-06_Hindu_Cultural_Fund_si_summary.txt,0.7850702404975891,0.7173553705215454,0.7496868371963501
acts_1985-08-14_Poor_Relief_si_summary.txt,0.8657264113426208,0.8175967931747437,0.8409735560417175
acts_1985-09-03_Aganuvara_Taruna_Kavi_Samajaya_Incorporation_si_summary.txt,0.8597959876060486,0.8061853051185608,0.8321280479431152
acts_1985-09-17_Meegamuwa_Bauddha_Sadachara_Wardhana_Samithiya_Incorporation_si_summary.txt,0.8132975101470947,0.7584081292152405,0.7848944067955017
acts_1985-11-20_Maternity_Benefits_Amendment_si_summary.txt,0.8633720874786377,0.7888896465301514,0.8244521021842957
acts_1985-12-27_Code_of_Criminal_Procedure_Amendment_si_summary.txt,0.870532751083374,0.8111218214035034,0.8397778272628784
acts_1986-02-18_National_Film_Corporation_Trust_for_Film_Artistes_and_Technicians_si_summary.txt,0.8815767765045166,0.8062314987182617,0.8422224521636963
acts_1986-03-20_Development_Councils_Elections_Amendment_si_summary.txt,0.9067922830581665,0.8476921319961548,0.8762468099594116
acts_1986-07-24_Land_Reform_Special_Provisions_Amendment_si_summary.txt,0.8482480645179749,0.7554255723953247,0.7991504073143005
acts_1986-09-05_Railways_Amendment_si_summary.txt,0.9025688171386719,0.8511233329772949,0.876091480255127
acts_1986-09-24_Sri_Punyodaya_Samitiya_Incorporation_si_summary.txt,0.8569159507751465,0.7980046272277832,0.8264117240905762
acts_1986-10-08_Church_of_the_Foursquare_Gospel_in_Sri_Lanka_Incorporation_si_summary.txt,0.9043444395065308,0.844497799873352,0.8733971118927002
acts_1986-12-02_Control_of_Insurance_Amendment_si_summary.txt,0.814834713935852,0.7489782571792603,0.7805198431015015
acts_1987-03-13_Seva_Vanitha_Movment_of_Sri_Lanka_Incorporation_si_summary.txt,0.8433932662010193,0.7568031549453735,0.7977554202079773
acts_1987-04-16_Local_Authorities_Special_Provisions_Amendment_si_summary.txt,0.8816501498222351,0.7998915910720825,0.8387832641601562
acts_1987-04-16_Local_Government_Service_Amendment_si_summary.txt,0.8903703689575195,0.8286399841308594,0.8583967685699463
acts_1987-05-21_Cosmetics_Devices_and_Drugs_Amendment_si_summary.txt,0.7785437107086182,0.6808589696884155,0.7264320850372314
acts_1987-05-21_Mortgage_Amendment_si_summary.txt,0.9154723882675171,0.8490976095199585,0.881036639213562
acts_1987-06-02_Imports_and_Exports_Control_Amendment_si_summary.txt,0.823264479637146,0.7752536535263062,0.798538088798523
acts_1987-06-25_Partition_Amendment_si_summary.txt,0.8772364854812622,0.8068796992301941,0.8405884504318237
acts_1987-11-24_Local_Authorities_Special_Provisions_si_summary.txt,0.7979879975318909,0.7365720272064209,0.7660510540008545
acts_1988-03-25_Inland_Revenue_Amendment_si_summary.txt,0.8504155278205872,0.7620397806167603,0.8038057684898376
acts_1988-04-21_Evidence_Amendment_si_summary.txt,0.8232952356338501,0.7602047920227051,0.7904931306838989
acts_1988-06-22_Sri_Lanka_Nurses_Council_Amendment_si_summary.txt,0.853363573551178,0.7286294102668762,0.7860791087150574
acts_1988-11-24_Sri_Lanka_Rupawahini_Corporation_Amendment_si_summary.txt,0.8492570519447327,0.7576028108596802,0.8008159399032593
acts_1988-11-30_Sri_Lanka_Broadcasting_Corporation_Amendment_si_summary.txt,0.8518950939178467,0.7686188817024231,0.8081172704696655
acts_1988-12-17_Declaration_of_Assets_and_Liabilities_Amendment_si_summary.txt,0.8596571087837219,0.7824548482894897,0.8192411661148071
acts_1988-12-17_Indemnity_Amendment_si_summary.txt,0.8747974038124084,0.8083695769309998,0.8402726650238037
acts_1988-12-17_Institute_of_Management_of_Sri_Lanka_Incorporation_si_summary.txt,0.8819753527641296,0.8126164674758911,0.8458765149116516
acts_1988-12-17_National_Academy_of_Sciences_of_Sri_Lanka_Incorporation_si_summary.txt,0.8088521957397461,0.7674727439880371,0.7876193523406982
acts_1988-12-17_Regulation_of_Fertilizer_si_summary.txt,0.8621865510940552,0.7712112069129944,0.8141653537750244
acts_1988-12-17_Saarc_Regional_Convention_on_Suppression_of_Terrorism_si_summary.txt,0.8861024379730225,0.8146375417709351,0.8488684892654419
acts_1988-12-18_J_R_Jayewardene_Centre_si_summary.txt,0.79417484998703,0.7053121328353882,0.7471104264259338
acts_1990-03-06_Code_of_Criminal_Procedure_Amendment_si_summary.txt,0.888729453086853,0.8270409107208252,0.856776237487793
acts_1990-03-06_Inland_Trust_Receipts_si_summary.txt,0.8634893894195557,0.7895039319992065,0.8248409032821655
acts_1990-06-01_Tertiary_and_Vocational_Education_si_summary.txt,0.8428328037261963,0.7849574685096741,0.8128662705421448
acts_1990-06-29_Local_Authorities_Elections_Amendment_si_summary.txt,0.8734776973724365,0.7930663228034973,0.8313320875167847
acts_1993-01-29_Grama_Seva_Niladhari_Change_of_Designation_si_summary.txt,0.910569965839386,0.8418515920639038,0.8748634457588196
acts_1993-08-18_Inland_Revenue_Amendment_si_summary.txt,0.8438249826431274,0.7650285363197327,0.802497148513794
acts_1993-10-20_Kuda_Uduwe_Nalanda_Sanwardhana_Samithiya_Incorporation_si_summary.txt,0.8544590473175049,0.7789392471313477,0.8149533271789551
acts_1994-01-21_Sri_Lanka_Energy_Managers_Association_si_summary.txt,0.8188403844833374,0.7278677225112915,0.7706786394119263
acts_1994-03-04_Sri_Lanka_Bureau_of_Foreign_Employment_Amendment_si_summary.txt,0.7616186141967773,0.7047224044799805,0.7320666909217834
acts_1994-05-27_Debt_Recovery_Special_Provisions_Amendment_si_summary.txt,0.7700637578964233,0.6890698075294495,0.7273188233375549
acts_1994-10-28_Commission_to_Investigate_Allegations_of_Bribbery_or_Corruption_si_summary.txt,0.838348388671875,0.7986053228378296,0.8179943561553955
acts_1994-12-30_Appropriation_Amendment_si_summary.txt,0.9066556692123413,0.8348791003227234,0.8692883253097534
acts_1994-12-30_Defence_Levy_Amendment_si_summary.txt,0.8444022536277771,0.7636691331863403,0.802009105682373
acts_1994-12-30_Surcharge_on_Income_Tax_Amendment_si_summary.txt,0.8419119119644165,0.7471033334732056,0.7916792035102844
acts_1995-12-15_Samurdhi_Authority_of_Sri_Lanka_si_summary.txt,0.778394877910614,0.7345627546310425,0.7558439373970032
acts_1995-12-29_The_Buddhist_and_Pali_Univsersity_of_Sri_Lanka_Amendment_si_summary.txt,0.851774275302887,0.7658725380897522,0.8065426349639893
acts_1998-03-13_Richmond_College_Old_Boys_Association_Incorporation_si_summary.txt,0.8405799269676208,0.7730820178985596,0.8054192662239075
acts_1998-04-16_Factories_Amendment_si_summary.txt,0.8724826574325562,0.8022243976593018,0.8358797430992126
acts_1998-05-15_Finance_Amendment_si_summary.txt,0.7550777196884155,0.6611966490745544,0.7050256133079529
acts_1998-05-21_Antiquities_Amendment_si_summary.txt,0.8676550984382629,0.7832673788070679,0.8233044743537903
acts_1998-05-27_Sri_Lanka_Historical_Association_Incorporation_si_summary.txt,0.8219226598739624,0.7585163712501526,0.788947582244873
acts_1998-06-10_Salihiya_Thaikka_Incorporation_si_summary.txt,0.8715516924858093,0.8040265440940857,0.8364285230636597
acts_1998-06-12_Evidence_Amendment_si_summary.txt,0.8766542673110962,0.7902525663375854,0.831214189529419
acts_1998-06-15_Kolping_Society_of_Sri_Lanka_Incorporation_si_summary.txt,0.8372887372970581,0.8012743592262268,0.8188857436180115
acts_1998-07-28_Immigrants_and_Emigrants_Amendment_si_summary.txt,0.7876501083374023,0.6971821784973145,0.7396601438522339
acts_1998-09-14_Tax_and_Foreign_Exchange_Amnesty_Act_si_summary.txt,0.8853216171264648,0.838013768196106,0.8610183596611023
acts_1998-11-12_National_Child_Protection_Authority_si_summary.txt,0.7340950965881348,0.6741790771484375,0.7028625011444092
acts_1999-02-10_Calvary_Church_of_Sri_Lanka_Incorporation_si_summary.txt,0.8578717708587646,0.7810714840888977,0.8176722526550293
acts_1999-02-10_Special_Educational_Society_Incorporation_si_summary.txt,0.7601129412651062,0.696184515953064,0.72674560546875
acts_1999-03-26_Kegalle_Tharuna_Bauddha_Sangamaya_Incorporation_si_summary.txt,0.8579353094100952,0.7888168096542358,0.8219255208969116
acts_1999-04-09_Institute_of_Policy_Studies_of_Sri_Lanka_Amendment_si_summary.txt,0.7683176398277283,0.7290397882461548,0.7481635808944702
acts_1999-06-15_Palaka_Sabhawa_of_Beruwala_Malewana_Sri_Gnanissara_Ayurvedic_Medical_College_Incorporation_si_summary.txt,0.8538712859153748,0.7838484048843384,0.817362904548645
acts_1999-06-24_Council_of_the_College_of_Community_Physicians_of_Sri_Lanka_Incorporation_si_summary.txt,0.8344644904136658,0.8081719875335693,0.821107804775238
acts_1999-07-16_Agricultural_and_Agrarian_Insurance_si_summary.txt,0.7863476276397705,0.6942832469940186,0.7374531626701355
acts_1999-08-12_National_Savings_Bank_Amendment_si_summary.txt,0.8365904688835144,0.7785513401031494,0.8065280914306641
acts_1999-09-23_Sri_Lanka_Institute_of_Local_Governance_si_summary.txt,0.8679671883583069,0.8131183385848999,0.8396480083465576
acts_1999-10-07_Social_Security_Board_Amendment_si_summary.txt,0.8015074729919434,0.7361391186714172,0.7674338817596436
acts_1999-11-11_Vijaya_Kumaratunga_Memorial_Hospital_Board_si_summary.txt,0.8487355709075928,0.7342245578765869,0.7873381972312927
acts_1999-12-10_Appropriation_Amendment_si_summary.txt,0.9061458110809326,0.8506759405136108,0.8775351643562317
acts_2000-05-22_Uthuru_Kalutara_Pauranika_Kande_Vivekarama_Viharastha_Development_Fund_Incorporation_si_summary.txt,0.8726922273635864,0.8093526363372803,0.8398298621177673
acts_2000-05-31_Habarakada_Siri_Dharmawijaya_Sahana_Sewa_Foundation_Incorporation_si_summary.txt,0.820263147354126,0.7574602365493774,0.787611722946167
acts_2000-06-28_Sri_Sunethra_Mahadevi_Pirivena_Rajamaha_Vihara_Sasana_Development_Society_Incorporation_si_summary.txt,0.8599865436553955,0.7644297480583191,0.8093975186347961
acts_2000-07-12_Minimum_wages_Indian_Labour_Amendment_si_summary.txt,0.8862790465354919,0.8133924007415771,0.8482729196548462
acts_2000-07-19_Katuwana_Adults_Care_Centre_Development_Foundation_Incorporation_si_summary.txt,0.8739298582077026,0.8034172058105469,0.8371914029121399
acts_2000-07-19_Stamp_Duty_Amendment_si_summary.txt,0.8652807474136353,0.7775486707687378,0.8190721869468689
acts_2000-07-19_The_Board_of_Trustees_of_the_Ronnie_de_Mel_Ruhunu_University_Trust_Incorporation_si_summary.txt,0.8723713755607605,0.8090885877609253,0.8395391702651978
acts_2000-07-21_Factories_Amendment_si_summary.txt,0.8662126064300537,0.7591670155525208,0.8091648817062378
acts_2000-07-27_Cassim_Family_Trust_Incorporation_si_summary.txt,0.8449525833129883,0.7614322900772095,0.8010212182998657
acts_2000-08-18_All_Ceylon_Jemmiyathul_Ulama_Incorporation_si_summary.txt,0.8637063503265381,0.7887576818466187,0.8245323896408081
acts_2000-08-18_International_Irrigation_Management_Institute_Amendment_si_summary.txt,0.8734012842178345,0.8079730868339539,0.8394141793251038
acts_2000-08-18_Mahara_Social_Development_Foundation_Incorporation_si_summary.txt,0.8620680570602417,0.7882915139198303,0.8235307335853577
acts_2002-07-17_Penal_Code_Amendment_si_summary.txt,0.883671224117279,0.8250409960746765,0.8533502221107483
acts_2002-10-04_Survey_Act_si_summary.txt,0.8331888914108276,0.7661747932434082,0.7982778549194336
acts_2002-10-04_Youth_Corps_si_summary.txt,0.8238462209701538,0.758180558681488,0.7896506190299988
acts_2002-12-18_Civil_Aviation_Authority_of_Sri_Lanka_si_summary.txt,0.7932580709457397,0.7674552202224731,0.7801433205604553
acts_2003-07-30_Mediation_Special_Categories_of_Disputes_si_summary.txt,0.8621803522109985,0.7693972587585449,0.8131507039070129
acts_2003-10-22_National_Housing_Development_Authority_Amendment_si_summary.txt,0.9049286842346191,0.8434538841247559,0.8731105327606201
acts_2003-12-15_Association_of_Consulting_Engineers_Sri_Lanka_Incorporation_si_summary.txt,0.8242654800415039,0.7675175666809082,0.7948799729347229
acts_2004-01-06_Local_Treasury_Bills_Amendment_si_summary.txt,0.8430823087692261,0.7876949310302734,0.8144479990005493
acts_2005-02-22_Civil_Procedure_Code_Amendment_si_summary.txt,0.8912886381149292,0.8124574422836304,0.8500493168830872
acts_2005-03-30_Value_Added_Tax_Amendment_si_summary.txt,0.7914299964904785,0.7371989488601685,0.7633525133132935
acts_2005-03-31_Betting_And_Gaming_Levy_Amendment_si_summary.txt,0.8622339963912964,0.8147335052490234,0.8378109931945801
acts_2005-05-06_Societies_Ordinance_Amendment_si_summary.txt,0.8880329132080078,0.8315918445587158,0.8588861227035522
acts_2005-05-31_Code_of_Criminal_Procedure_Amendment_si_summary.txt,0.8636491894721985,0.8018616437911987,0.831609308719635
acts_2005-06-15_Saumyamoorthi_Thondaman_Memorial_Foundation_si_summary.txt,0.8111966252326965,0.7702161073684692,0.7901753187179565
acts_2005-08-02_Code_of_Criminal_Procedure_Amendment_si_summary.txt,0.7809922695159912,0.7281504273414612,0.7536462545394897
acts_2005-10-03_Prevention_of_Domestic_Violence_si_summary.txt,0.8621249198913574,0.7809216976165771,0.819516658782959
acts_2005-11-21_Commercial_Mediation_Centre_of_Sri_Lanka_Amendment_si_summary.txt,0.841204047203064,0.7529764771461487,0.7946488261222839
acts_2006-02-26_Geneva_Conventions_si_summary.txt,0.7835659980773926,0.7120355367660522,0.7460902333259583
acts_2006-03-31_Stamp_Duty_Special_Provisions_si_summary.txt,0.8390214443206787,0.7906931638717651,0.8141407370567322
acts_2006-11-06_Births_and_Deaths_Registration_Amendment_si_summary.txt,0.7980512976646423,0.7306100130081177,0.7628430128097534
acts_2006-12-15_Excise_Special_Provision__Amendment_si_summary.txt,0.8464276790618896,0.7831645607948303,0.8135681748390198
acts_2006-12-21_Dharmayathana_Conservation_Society_Incorporation_si_summary.txt,0.7630761861801147,0.6911846399307251,0.7253534197807312
acts_2006-12-28_High_Court_of_the_Provinces_Special_Provisions_Amendment_si_summary.txt,0.8622267246246338,0.7986057996749878,0.8291977047920227
acts_2007-01-22_Mental_Development_and_Research_Center_Incorporation_si_summary.txt,0.7645604610443115,0.7043216228485107,0.7332059144973755
acts_2007-01-29_Sri_Lanka_Federation_of_the_Visually_Handicapped_Incorporation_si_summary.txt,0.8734549283981323,0.8161593675613403,0.8438356518745422
acts_2007-02-09_Samastha_Lanka_International_Development_Association_Incorporation_si_summary.txt,0.7840330600738525,0.7175744771957397,0.7493330836296082
acts_2007-03-08_Sri_Sarananda_Development_Foundation_Incorporation_si_summary.txt,0.8087872862815857,0.7553147077560425,0.7811369895935059
acts_2007-06-20_Shantha_Childrens_Education_Services_Foundation_Incorporation_si_summary.txt,0.8078252077102661,0.7527409195899963,0.7793108224868774
acts_2007-07-12_Ceylon_Hotels_Corporation_si_summary.txt,0.8494513034820557,0.7982789278030396,0.8230705261230469
acts_2007-07-13_National_Institute_of_Language_Education_and_Training_si_summary.txt,0.7339743971824646,0.7172626256942749,0.7255223393440247
acts_2007-08-10_Fouz_Trust_Incorporation_si_summary.txt,0.8713803887367249,0.8108641505241394,0.840033769607544
acts_2007-09-24_Board_of_Trustees_of_the_Bhagawan_Sri_Sathya_Sai_Central_Trust_of_Sri_Lanka_Incorporation_si_summary.txt,0.8675497770309448,0.796208918094635,0.8303498029708862
acts_2007-09-28_Ratnapura_Marapana_Sastrodaya_Foundation_Incorporation_si_summary.txt,0.7596569657325745,0.6898008584976196,0.7230455279350281
acts_2007-09-28_Sarana_Buddhist_Relief_Foundation_Incorporation_si_summary.txt,0.8474651575088501,0.7740417718887329,0.8090911507606506
acts_2007-10-12_Seethawaka_Maniyangama_Rajamaha_Viharastha_Sanwardhana_Sabhawa_Incorporation_si_summary.txt,0.8450919389724731,0.771716833114624,0.8067393898963928
acts_2007-10-23_Sir_John_Kothalawala_Defence_Academy_Amendment_si_summary.txt,0.8671610355377197,0.7894645929336548,0.8264908790588379
acts_2008-02-29_Economic_Service_Charge_Amendment_si_summary.txt,0.8637667894363403,0.8146598935127258,0.8384949564933777
acts_2008-03-05_Commissions_of_inquiry_amendment_si_summary.txt,0.8082993626594543,0.721502423286438,0.7624385952949524
acts_2008-04-29_Institute_of_Dharuth_Thowheed_Assalafiyya_Incorporation_si_summary.txt,0.8500397205352783,0.7768763303756714,0.8118128776550293
acts_2008-05-15_Wadduwa_Vivekarama_Community_Development_Foundation_Incorporation_si_summary.txt,0.8469557762145996,0.7728577852249146,0.8082119822502136
acts_2008-07-15_Attanagalla_Development_Foundation_Incorporation_si_summary.txt,0.7896549701690674,0.7164580225944519,0.7512778043746948
acts_2008-09-26_Information_and_Communication_Technology_Amendment_si_summary.txt,0.8278393149375916,0.7987903356552124,0.8130554556846619
acts_2008-10-23_Urban_Settlement_Development_Authority_si_summary.txt,0.8415665030479431,0.7476491928100586,0.7918327450752258
acts_2009-05-18_Local_Authorities_Special_Provisions_Amendment_si_summary.txt,0.8813414573669434,0.8123073577880859,0.8454174995422363
acts_2009-06-12_Sri_Lanka_Institute_of_Landscape_Architects_Act_si_summary.txt,0.8623801469802856,0.7822950482368469,0.8203877210617065
acts_2009-07-23_Road_Development_Authority_Amendment_si_summary.txt,0.8703510761260986,0.7921035885810852,0.8293858766555786
acts_2009-07-24_Kosala_Dullewa_Foundation_si_summary.txt,0.8752363324165344,0.8061360716819763,0.8392662405967712
acts_2009-07-24_Society_of_Structural_Engineers_of_Sri_Lanka_Incorporation_si_summary.txt,0.8209778070449829,0.7701683044433594,0.7947617769241333
acts_2009-08-17_Rev_Moonamale_Dhammarathana_Memorial_Foundation_incorporation_si_summary.txt,0.8036469221115112,0.7334488034248352,0.7669448256492615
acts_2009-09-25_Secured_Transactions_si_summary.txt,0.8543225526809692,0.7600607872009277,0.8044397234916687
acts_2009-09-25_Sri_Lanka_Society_for_the_Prevention_of_cruelty_to_Animals_Incorporation_si_summary.txt,0.8557420969009399,0.7938661575317383,0.823643684387207
acts_2009-10-01_Foreign_Employment_Bureau_si_summary.txt,0.8532407283782959,0.7782191038131714,0.8140050172805786
acts_2009-10-16_Parliamentary_Elections_si_summary.txt,0.8392395973205566,0.7727899551391602,0.8046452403068542
acts_2009-11-12_Samaja_Sahana_Padanama_Incorporation_si_summary.txt,0.8519221544265747,0.7815059423446655,0.8151962161064148
acts_2009-11-20_Appropriation_Amendment_Act_No_69_si_summary.txt,0.8932841420173645,0.8204247355461121,0.8553056120872498
acts_2009-12-18_Premadasa_Hegoda_Foundation_Incorporation_si_summary.txt,0.8716928958892822,0.7886824607849121,0.8281126618385315
acts_2010-12-07_Public_Enterprises_Reform_Commission_of_Sri_Lanka_si_summary.txt,0.8699578642845154,0.812298059463501,0.8401398062705994
acts_2011-02-07_Regulation_of_Insurance_Industry_Amendment_si_summary.txt,0.8519389033317566,0.76750248670578,0.8075194358825684
acts_2011-02-23_Tharunyata_Hetak_Organization_Incorporation_si_summary.txt,0.8432091474533081,0.7762782573699951,0.8083606362342834
acts_2011-03-22_Red_Lotus_Organization_for_Humanitarian_Services_Incorporation_si_summary.txt,0.8753411769866943,0.8163869380950928,0.8448367714881897
acts_2011-03-31_Regional_Infrastructure_Development_Levy_Repeal_si_summary.txt,0.8625515103340149,0.7949168682098389,0.8273542523384094
acts_2011-03-31_Strategic_Development_Project_si_summary.txt,0.8743374347686768,0.8115284442901611,0.8417629599571228
acts_2011-05-03_Pina_Organisation_Incorporation_si_summary.txt,0.839340090751648,0.768348217010498,0.8022767305374146
acts_2011-05-06_Census_Amendment_si_summary.txt,0.7951228618621826,0.7326765060424805,0.7626234292984009
acts_2011-06-07_Food_si_summary.txt,0.7797456979751587,0.6975640654563904,0.7363690733909607
acts_2011-10-06_Convention_of_the_suppression_of_Terrorism_Financing_Amendment_si_summary.txt,0.8638370633125305,0.7881208658218384,0.8242437243461609
acts_2011-11-30_Coast_Conservation_si_summary.txt,0.8788707852363586,0.8049674034118652,0.840297281742096
acts_2012-02-15_Tax_Appeals_Commission_si_summary.txt,0.8578863739967346,0.782590389251709,0.8185103535652161
acts_2013-03-22_Economic_Service_Charge_Amendment_si_summary.txt,0.8136035203933716,0.7361911535263062,0.7729640007019043
acts_2013-03-22_Excise_Amendment_si_summary.txt,0.8817833662033081,0.8175710439682007,0.8484640717506409
acts_2013-03-22_Ports_and_Airports_Developments_Levy_Amendment_si_summary.txt,0.8625490665435791,0.7799838781356812,0.8191913366317749
acts_2013-04-26_Finance_Act_si_summary.txt,0.8002272844314575,0.732636570930481,0.7649416923522949
acts_2013-04-26_Inland_Revenue_si_summary.txt,0.8352012634277344,0.7320531606674194,0.7802329063415527
acts_2013-05-10_Births_and_Deaths_Registration_si_summary.txt,0.872507631778717,0.8038142919540405,0.8367534875869751
acts_2013-07-12_Parliamentary_Scholarship_Board_Repeal_si_summary.txt,0.8866451382637024,0.8275728225708008,0.8560911417007446
acts_2013-11-22_Fisheries_and_Acquatic_Resources_Amendment_si_summary.txt,0.7752261161804199,0.6934316754341125,0.7320512533187866
acts_2014-03-04_Chandima_Weerakkody_Foundation_Incorporation_si_summary.txt,0.8419661521911621,0.7860679626464844,0.8130574822425842
acts_2014-04-24_Nation_Bulding_Tax_Amendment_si_summary.txt,0.7694332003593445,0.7344879508018494,0.751554548740387
acts_2014-04-24_Samastha_Lanka_Sasanarakshaka_Mandalaya_Incorporation_si_summary.txt,0.8526626825332642,0.7812270522117615,0.81538325548172
acts_2014-04-24_Value_Added_Tax_si_summary.txt,0.800405740737915,0.7472949028015137,0.7729390263557434
acts_2014-06-17_Victor_Antony_Foundation_Incorporation_si_summary.txt,0.8436543941497803,0.744468092918396,0.790963888168335
acts_2014-08-21_Roman_Catholic_Archbishop_and_Bishops_of_Ceylon_Amendment_si_summary.txt,0.8714269995689392,0.8153318762779236,0.8424466848373413
bills_2010-10-19_Animal_Welfare_si_summary.txt,0.8051719069480896,0.807547390460968,0.8063579201698303
bills_2011-02-09_Maithripala_Senanayake_Foundation_si_summary.txt,0.8480890393257141,0.7711562514305115,0.8077950477600098
bills_2011-06-06_Madahapola_Sri_Ratnapalaramaya_Religious_and_Buddhist_Educational_Development_Foundation_Incorporation_si_summary.txt,0.8806723356246948,0.7810899615287781,0.8278974294662476
bills_2011-11-08_Country_Planning_Ordinance_si_summary.txt,0.8678233027458191,0.7555118799209595,0.8077824115753174
bills_2012-02-23_Pandu_Bandaranayake_Hela_Jana_Foundation_si_summary.txt,0.8533270359039307,0.7556777000427246,0.8015392422676086
bills_2012-03-22_Computer_Society_si_summary.txt,0.8518412113189697,0.8093483448028564,0.8300513029098511
bills_2012-06-11_Sri_Gunarathana_International_Foundation_Incorporation_GS_si_summary.txt,0.8544491529464722,0.7885189056396484,0.8201612234115601
bills_2012-09-19_Bareerah_Muslim_Ladies_Arabic_College_Incor_si_summary.txt,0.8659375905990601,0.7877030968666077,0.8249696493148804
bills_2012-11-12_Navy_Amendment_GS_si_summary.txt,0.9003939628601074,0.8092944622039795,0.8524171113967896
bills_2012-11-19_Convention_on_the_Suppression_of_Terrorist_Financing_Amendment_si_summary.txt,0.8103066682815552,0.7291231155395508,0.7675742506980896
bills_2013-02-13_Roman_Catholic_Archbishop_and_Bishops_of_Ceylon_Amend_si_summary.txt,0.903721809387207,0.8313353061676025,0.8660185933113098
bills_2013-02-26_Inland_Revenue_Amendment_si_summary.txt,0.8234861493110657,0.7290267944335938,0.7733829021453857
bills_2013-02-26_Notaries_Amendment_si_summary.txt,0.8052902221679688,0.737268328666687,0.7697794437408447
bills_2013-03-08_Muslim_Marriage_and_Divorce_Amendment_si_summary.txt,0.7881925106048584,0.7415827512741089,0.7641775608062744
bills_2013-05-06_K_D_M_Chandra_Bandara_Community_si_summary.txt,0.8439606428146362,0.7566479444503784,0.7979228496551514
bills_2013-06-17_Sivmuni_Vehera_Buddhist_Foundation_Incorporation_si_summary.txt,0.8761482834815979,0.8020674586296082,0.8374727964401245
bills_2013-07-01_Local_Authorities_Elections_Amendment_si_summary.txt,0.9034923315048218,0.8409525156021118,0.8711013793945312
bills_2013-09-09_Convention_against_Doping_in_Sports_si_summary.txt,0.8962056636810303,0.8348346948623657,0.8644323348999023
bills_2013-09-23_Al_Manar_College_Incorporation_si_summary.txt,0.725453794002533,0.6452889442443848,0.6830272078514099
bills_2013-09-30_Sri_Lanka_Institute_of_Taxation_Incorporation_Amendment_si_summary.txt,0.8652645349502563,0.7988035082817078,0.8307068943977356
bills_2013-10-07_Fisheries_and_Aquatic_Bill_si_summary.txt,0.7747774124145508,0.6943477988243103,0.7323609590530396
bills_2013-11-25_The_Federation_of_Photographic_Societies_of_Sri_Lanka_Incorporation_si_summary.txt,0.8147752285003662,0.7208449244499207,0.7649372816085815
bills_2013-12-09_Study_Centre_for_the_Advancement_of_Technology_and_Social_Welfare_Incorporation_si_summary.txt,0.8417158722877502,0.7939788103103638,0.8171507120132446
bills_2014-03-07_Royal_Charity_Foundation_Incorporation_si_summary.txt,0.8386451005935669,0.8070299625396729,0.8225338459014893
bills_2014-03-21_Companies_Amendment_si_summary.txt,0.8712246417999268,0.8109083771705627,0.839985191822052
bills_2014-03-21_Monetary_Law_Amendment_si_summary.txt,0.8994916677474976,0.8235970735549927,0.8598729372024536
bills_2014-03-21_Value_Added_Tax_Amendment_si_summary.txt,0.8872643709182739,0.8235320448875427,0.854211151599884
bills_2014-08-04_Local_Authorities_Elections_GS_si_summary.txt,0.8610607385635376,0.7857339978218079,0.8216745853424072
bills_2014-08-04_Municipal_Councils_GS_si_summary.txt,0.8950115442276001,0.8242701292037964,0.8581854701042175
bills_2014-08-04_Pradeshiya_Sabha_GS_si_summary.txt,0.8899044990539551,0.8226686716079712,0.8549667596817017
bills_2014-08-04_Urban_Councils_GS_si_summary.txt,0.8708603382110596,0.80363929271698,0.8359005451202393
bills_2014-09-19_Appropriation_Amendment_GS_si_summary.txt,0.8867854475975037,0.8246138095855713,0.8545703291893005
bills_2014-10-03_DFCC_Bank_Repeal_and_Consequential_ProvisionsGS_si_summary.txt,0.8813208341598511,0.8078857660293579,0.8430070877075195
bills_2014-10-03_Sri_Lanka_Atomic_Energy_GS_si_summary.txt,0.8913468718528748,0.820392906665802,0.8543993234634399
bills_2014-10-10_DFCC_Bank_Repeal_and_Consequential_Provisions_si_summary.txt,0.8736932277679443,0.8004099130630493,0.8354476094245911
