File,Src_Words,Sum_Words,Compression_Ratio
acts_1984-10-11_Cosmetics_Devices_and_Drugs_Amendment_si_summary.txt,1194,68,0.057
acts_1987-03-13_Seva_Vanitha_Movment_of_Sri_Lanka_Incorporation_si_summary.txt,1752,63,0.036
acts_2009-08-17_Rev_Moonamale_Dhammarathana_Memorial_Foundation_incorporation_si_summary.txt,1778,70,0.0394
acts_2007-08-10_Fouz_Trust_Incorporation_si_summary.txt,1178,56,0.0475
acts_2011-06-07_Food_si_summary.txt,650,58,0.0892
acts_1982-12-30_Thanthai_Chelva_Memorial_Trust_Incorporation_si_summary.txt,1639,64,0.039
acts_1981-03-12_Ceylon_Institute_of_Scientific_and_Industrial_Research_Amendment_si_summary.txt,861,50,0.0581
acts_2009-05-18_Local_Authorities_Special_Provisions_Amendment_si_summary.txt,231,60,0.2597
acts_2000-07-27_Cassim_Family_Trust_Incorporation_si_summary.txt,1242,66,0.0531
acts_2005-05-06_Societies_Ordinance_Amendment_si_summary.txt,319,59,0.185
bills_2014-10-03_Sri_Lanka_Atomic_Energy_GS_si_summary.txt,7526,53,0.007
acts_2013-04-26_Inland_Revenue_si_summary.txt,8199,68,0.0083
bills_2014-10-03_DFCC_Bank_Repeal_and_Consequential_ProvisionsGS_si_summary.txt,2459,69,0.0281
acts_2009-09-25_Secured_Transactions_si_summary.txt,4245,68,0.016
acts_2013-03-22_Ports_and_Airports_Developments_Levy_Amendment_si_summary.txt,447,79,0.1767
acts_2008-10-23_Urban_Settlement_Development_Authority_si_summary.txt,8600,64,0.0074
acts_1998-05-27_Sri_Lanka_Historical_Association_Incorporation_si_summary.txt,1435,59,0.0411
acts_1982-05-31_Badulla_Sri_Saddharmananda_Association_Incorporation_si_summary.txt,820,66,0.0805
acts_2011-05-03_Pina_Organisation_Incorporation_si_summary.txt,1663,58,0.0349
acts_2009-11-20_Appropriation_Amendment_Act_No_69_si_summary.txt,150,36,0.24
bills_2013-07-01_Local_Authorities_Elections_Amendment_si_summary.txt,207,59,0.285
acts_1999-02-10_Special_Educational_Society_Incorporation_si_summary.txt,1382,66,0.0478
bills_2012-11-12_Navy_Amendment_GS_si_summary.txt,223,53,0.2377
acts_1985-08-06_Hindu_Cultural_Fund_si_summary.txt,1767,72,0.0407
bills_2013-02-13_Roman_Catholic_Archbishop_and_Bishops_of_Ceylon_Amend_si_summary.txt,639,62,0.097
acts_1984-01-13_Kandy_Friend-In-Need_Society_Incorporation_si_summary.txt,934,74,0.0792
acts_1998-06-12_Evidence_Amendment_si_summary.txt,1120,53,0.0473
acts_2000-07-19_The_Board_of_Trustees_of_the_Ronnie_de_Mel_Ruhunu_University_Trust_Incorporation_si_summary.txt,1192,56,0.047
acts_2013-07-12_Parliamentary_Scholarship_Board_Repeal_si_summary.txt,294,52,0.1769
acts_1985-11-20_Maternity_Benefits_Amendment_si_summary.txt,858,69,0.0804
acts_1987-05-21_Cosmetics_Devices_and_Drugs_Amendment_si_summary.txt,422,56,0.1327
acts_1983-05-19_Makola_Muslim_Orphanage_Incorporation_si_summary.txt,1055,50,0.0474
acts_2009-10-01_Foreign_Employment_Bureau_si_summary.txt,1828,60,0.0328
acts_2008-05-15_Wadduwa_Vivekarama_Community_Development_Foundation_Incorporation_si_summary.txt,1840,56,0.0304
acts_1990-03-06_Code_of_Criminal_Procedure_Amendment_si_summary.txt,252,72,0.2857
acts_2007-01-29_Sri_Lanka_Federation_of_the_Visually_Handicapped_Incorporation_si_summary.txt,1080,68,0.063
acts_1994-01-21_Sri_Lanka_Energy_Managers_Association_si_summary.txt,1087,56,0.0515
acts_1981-12-29_Sugarcane_Research_Institute_si_summary.txt,2442,64,0.0262
acts_1983-01-27_Knives_Amendment_si_summary.txt,394,64,0.1624
acts_2005-02-22_Civil_Procedure_Code_Amendment_si_summary.txt,273,73,0.2674
acts_2005-05-31_Code_of_Criminal_Procedure_Amendment_si_summary.txt,1116,71,0.0636
bills_2013-09-23_Al_Manar_College_Incorporation_si_summary.txt,1371,71,0.0518
acts_1981-11-03_Sir_John_Kotalawala_Defence_Academy_si_summary.txt,3761,77,0.0205
acts_2007-02-09_Samastha_Lanka_International_Development_Association_Incorporation_si_summary.txt,1506,57,0.0378
acts_2009-10-16_Parliamentary_Elections_si_summary.txt,1783,64,0.0359
acts_1999-04-09_Institute_of_Policy_Studies_of_Sri_Lanka_Amendment_si_summary.txt,400,51,0.1275
acts_1994-05-27_Debt_Recovery_Special_Provisions_Amendment_si_summary.txt,5064,74,0.0146
acts_2014-08-21_Roman_Catholic_Archbishop_and_Bishops_of_Ceylon_Amendment_si_summary.txt,608,39,0.0641
acts_1990-06-01_Tertiary_and_Vocational_Education_si_summary.txt,12885,61,0.0047
acts_1998-03-13_Richmond_College_Old_Boys_Association_Incorporation_si_summary.txt,930,52,0.0559
acts_2005-06-15_Saumyamoorthi_Thondaman_Memorial_Foundation_si_summary.txt,2469,70,0.0284
acts_1983-01-27_Katugastota_Bauddha_Balamandalaya_Incorporation_si_summary.txt,928,76,0.0819
bills_2012-09-19_Bareerah_Muslim_Ladies_Arabic_College_Incor_si_summary.txt,1382,56,0.0405
acts_1985-09-17_Meegamuwa_Bauddha_Sadachara_Wardhana_Samithiya_Incorporation_si_summary.txt,980,59,0.0602
acts_1994-03-04_Sri_Lanka_Bureau_of_Foreign_Employment_Amendment_si_summary.txt,1003,49,0.0489
acts_2008-09-26_Information_and_Communication_Technology_Amendment_si_summary.txt,1061,67,0.0631
acts_1999-06-15_Palaka_Sabhawa_of_Beruwala_Malewana_Sri_Gnanissara_Ayurvedic_Medical_College_Incorporation_si_summary.txt,886,63,0.0711
acts_2008-02-29_Economic_Service_Charge_Amendment_si_summary.txt,1003,68,0.0678
acts_1987-04-16_Local_Government_Service_Amendment_si_summary.txt,218,79,0.3624
acts_2011-11-30_Coast_Conservation_si_summary.txt,7635,66,0.0086
acts_1987-11-24_Local_Authorities_Special_Provisions_si_summary.txt,2273,59,0.026
acts_1995-12-15_Samurdhi_Authority_of_Sri_Lanka_si_summary.txt,4882,71,0.0145
acts_2013-03-22_Economic_Service_Charge_Amendment_si_summary.txt,351,63,0.1795
acts_2000-08-18_Mahara_Social_Development_Foundation_Incorporation_si_summary.txt,1596,58,0.0363
acts_1999-06-24_Council_of_the_College_of_Community_Physicians_of_Sri_Lanka_Incorporation_si_summary.txt,1034,64,0.0619
acts_2014-04-24_Samastha_Lanka_Sasanarakshaka_Mandalaya_Incorporation_si_summary.txt,1980,66,0.0333
acts_2005-08-02_Code_of_Criminal_Procedure_Amendment_si_summary.txt,403,59,0.1464
acts_1982-01-20_Air_Navigation_Special_Provisions_si_summary.txt,2461,61,0.0248
acts_1983-12-29_Rehabilitation_Levy_si_summary.txt,959,54,0.0563
acts_1998-09-14_Tax_and_Foreign_Exchange_Amnesty_Act_si_summary.txt,2827,72,0.0255
acts_1983-08-10_Young_Mens_Buddhist_Association_Minuwangoda_Incorporation_si_summary.txt,804,52,0.0647
acts_1984-01-27_Sri_Lanka_Standards_Institution_si_summary.txt,7945,54,0.0068
acts_1981-03-12_Census_Amendment_si_summary.txt,1738,64,0.0368
bills_2013-12-09_Study_Centre_for_the_Advancement_of_Technology_and_Social_Welfare_Incorporation_si_summary.txt,1684,71,0.0422
acts_1999-02-10_Calvary_Church_of_Sri_Lanka_Incorporation_si_summary.txt,796,58,0.0729
acts_1981-08-28_Maternity_Benefits_Amendment_si_summary.txt,485,67,0.1381
acts_2005-11-21_Commercial_Mediation_Centre_of_Sri_Lanka_Amendment_si_summary.txt,821,56,0.0682
acts_1983-10-17_Lajnathul_Masjidul_Jamiya_Sailan_Incorporation_si_summary.txt,1384,74,0.0535
acts_1998-06-15_Kolping_Society_of_Sri_Lanka_Incorporation_si_summary.txt,1164,64,0.055
acts_1999-11-11_Vijaya_Kumaratunga_Memorial_Hospital_Board_si_summary.txt,2573,64,0.0249
acts_1987-04-16_Local_Authorities_Special_Provisions_Amendment_si_summary.txt,240,66,0.275
acts_2011-02-07_Regulation_of_Insurance_Industry_Amendment_si_summary.txt,6133,52,0.0085
acts_2009-12-18_Premadasa_Hegoda_Foundation_Incorporation_si_summary.txt,1701,67,0.0394
acts_2007-07-12_Ceylon_Hotels_Corporation_si_summary.txt,1198,62,0.0518
bills_2012-06-11_Sri_Gunarathana_International_Foundation_Incorporation_GS_si_summary.txt,2609,53,0.0203
acts_2003-10-22_National_Housing_Development_Authority_Amendment_si_summary.txt,138,55,0.3986
acts_1993-10-20_Kuda_Uduwe_Nalanda_Sanwardhana_Samithiya_Incorporation_si_summary.txt,1018,61,0.0599
acts_1994-12-30_Defence_Levy_Amendment_si_summary.txt,1007,63,0.0626
acts_2009-07-24_Society_of_Structural_Engineers_of_Sri_Lanka_Incorporation_si_summary.txt,1692,60,0.0355
bills_2014-03-07_Royal_Charity_Foundation_Incorporation_si_summary.txt,1393,72,0.0517
acts_1988-12-18_J_R_Jayewardene_Centre_si_summary.txt,1205,62,0.0515
acts_2012-02-15_Tax_Appeals_Commission_si_summary.txt,1502,74,0.0493
acts_1987-06-25_Partition_Amendment_si_summary.txt,810,71,0.0877
acts_1987-06-02_Imports_and_Exports_Control_Amendment_si_summary.txt,632,64,0.1013
acts_1984-01-13_Employees_Councils_Amendment_si_summary.txt,301,72,0.2392
acts_2013-03-22_Excise_Amendment_si_summary.txt,191,58,0.3037
acts_1984-11-05_Police_Amendment_si_summary.txt,346,71,0.2052
bills_2013-06-17_Sivmuni_Vehera_Buddhist_Foundation_Incorporation_si_summary.txt,1731,57,0.0329
acts_1999-08-12_National_Savings_Bank_Amendment_si_summary.txt,1272,70,0.055
acts_1983-08-10_Printers_and_Publishers_Amendment_si_summary.txt,277,62,0.2238
acts_1999-07-16_Agricultural_and_Agrarian_Insurance_si_summary.txt,3695,53,0.0143
acts_2003-07-30_Mediation_Special_Categories_of_Disputes_si_summary.txt,3735,59,0.0158
acts_2007-01-22_Mental_Development_and_Research_Center_Incorporation_si_summary.txt,1607,61,0.038
acts_1986-10-08_Church_of_the_Foursquare_Gospel_in_Sri_Lanka_Incorporation_si_summary.txt,1978,77,0.0389
acts_1981-07-07_Development_Councils_Amendment_si_summary.txt,956,55,0.0575
acts_2013-04-26_Finance_Act_si_summary.txt,2690,74,0.0275
acts_2005-03-30_Value_Added_Tax_Amendment_si_summary.txt,2935,67,0.0228
acts_1981-01-29_Presidential_Elections_Special_Provisions_si_summary.txt,2702,67,0.0248
acts_1988-12-17_National_Academy_of_Sciences_of_Sri_Lanka_Incorporation_si_summary.txt,1534,59,0.0385
acts_2007-07-13_National_Institute_of_Language_Education_and_Training_si_summary.txt,3759,62,0.0165
bills_2012-02-23_Pandu_Bandaranayake_Hela_Jana_Foundation_si_summary.txt,1433,43,0.03
bills_2014-03-21_Companies_Amendment_si_summary.txt,769,67,0.0871
bills_2010-10-19_Animal_Welfare_si_summary.txt,8479,68,0.008
acts_2002-12-18_Civil_Aviation_Authority_of_Sri_Lanka_si_summary.txt,6915,51,0.0074
acts_1986-07-24_Land_Reform_Special_Provisions_Amendment_si_summary.txt,513,57,0.1111
acts_2014-04-24_Value_Added_Tax_si_summary.txt,2155,79,0.0367
acts_1990-06-29_Local_Authorities_Elections_Amendment_si_summary.txt,2026,67,0.0331
acts_2014-03-04_Chandima_Weerakkody_Foundation_Incorporation_si_summary.txt,1800,68,0.0378
acts_2000-05-31_Habarakada_Siri_Dharmawijaya_Sahana_Sewa_Foundation_Incorporation_si_summary.txt,1358,68,0.0501
acts_1981-02-27_Government_Quarters_Recovery_of_PossessionAmendment_si_summary.txt,524,65,0.124
acts_2011-03-22_Red_Lotus_Organization_for_Humanitarian_Services_Incorporation_si_summary.txt,1632,75,0.046
acts_1988-12-17_Declaration_of_Assets_and_Liabilities_Amendment_si_summary.txt,2925,59,0.0202
acts_2009-11-12_Samaja_Sahana_Padanama_Incorporation_si_summary.txt,1530,51,0.0333
acts_2002-10-04_Youth_Corps_si_summary.txt,1298,63,0.0485
bills_2014-10-10_DFCC_Bank_Repeal_and_Consequential_Provisions_si_summary.txt,2479,56,0.0226
bills_2013-10-07_Fisheries_and_Aquatic_Bill_si_summary.txt,5188,54,0.0104
bills_2013-03-08_Muslim_Marriage_and_Divorce_Amendment_si_summary.txt,415,59,0.1422
acts_1986-12-02_Control_of_Insurance_Amendment_si_summary.txt,4927,72,0.0146
acts_1981-05-07_Agrarian_Research_and_Training_Institute_Amendment_si_summary.txt,846,66,0.078
acts_1999-12-10_Appropriation_Amendment_si_summary.txt,157,53,0.3376
bills_2011-02-09_Maithripala_Senanayake_Foundation_si_summary.txt,1818,46,0.0253
acts_2011-10-06_Convention_of_the_suppression_of_Terrorism_Financing_Amendment_si_summary.txt,3706,66,0.0178
acts_2007-10-12_Seethawaka_Maniyangama_Rajamaha_Viharastha_Sanwardhana_Sabhawa_Incorporation_si_summary.txt,1314,69,0.0525
acts_2007-10-23_Sir_John_Kothalawala_Defence_Academy_Amendment_si_summary.txt,326,50,0.1534
acts_1983-10-07_Turnover_Tax_Amendment_si_summary.txt,1522,77,0.0506
bills_2014-08-04_Local_Authorities_Elections_GS_si_summary.txt,326,47,0.1442
acts_1988-12-17_Institute_of_Management_of_Sri_Lanka_Incorporation_si_summary.txt,1123,67,0.0597
acts_1988-11-24_Sri_Lanka_Rupawahini_Corporation_Amendment_si_summary.txt,3400,67,0.0197
acts_1986-09-05_Railways_Amendment_si_summary.txt,230,70,0.3043
acts_1982-12-31_Colombo_District_Low_-_lying_Areas_Reclamation_and_Development_Board_Amendment_si_summary.txt,1605,69,0.043
acts_1985-08-06_Declaration_of_Assets_and_Liabilities_Amendment_si_summary.txt,241,67,0.278
acts_2013-05-10_Births_and_Deaths_Registration_si_summary.txt,766,59,0.077
acts_2014-06-17_Victor_Antony_Foundation_Incorporation_si_summary.txt,2230,59,0.0265
acts_1988-03-25_Inland_Revenue_Amendment_si_summary.txt,6332,72,0.0114
bills_2013-02-26_Notaries_Amendment_si_summary.txt,362,65,0.1796
acts_2006-12-28_High_Court_of_the_Provinces_Special_Provisions_Amendment_si_summary.txt,789,70,0.0887
acts_2008-04-29_Institute_of_Dharuth_Thowheed_Assalafiyya_Incorporation_si_summary.txt,1526,72,0.0472
acts_2009-09-25_Sri_Lanka_Society_for_the_Prevention_of_cruelty_to_Animals_Incorporation_si_summary.txt,1472,47,0.0319
acts_2000-05-22_Uthuru_Kalutara_Pauranika_Kande_Vivekarama_Viharastha_Development_Fund_Incorporation_si_summary.txt,1339,72,0.0538
bills_2012-03-22_Computer_Society_si_summary.txt,1778,65,0.0366
acts_1999-10-07_Social_Security_Board_Amendment_si_summary.txt,1024,55,0.0537
bills_2014-08-04_Urban_Councils_GS_si_summary.txt,226,49,0.2168
acts_2000-07-12_Minimum_wages_Indian_Labour_Amendment_si_summary.txt,225,63,0.28
acts_1988-06-22_Sri_Lanka_Nurses_Council_Amendment_si_summary.txt,3508,53,0.0151
acts_2011-03-31_Regional_Infrastructure_Development_Levy_Repeal_si_summary.txt,301,56,0.186
acts_2008-03-05_Commissions_of_inquiry_amendment_si_summary.txt,1285,55,0.0428
acts_2013-11-22_Fisheries_and_Acquatic_Resources_Amendment_si_summary.txt,5179,51,0.0098
acts_1994-12-30_Surcharge_on_Income_Tax_Amendment_si_summary.txt,1376,76,0.0552
acts_2003-12-15_Association_of_Consulting_Engineers_Sri_Lanka_Incorporation_si_summary.txt,1441,62,0.043
acts_1994-12-30_Appropriation_Amendment_si_summary.txt,151,55,0.3642
acts_1983-12-08_Motor_Traffic_Amendment_si_summary.txt,192,65,0.3385
acts_2000-07-19_Stamp_Duty_Amendment_si_summary.txt,953,70,0.0735
acts_2008-07-15_Attanagalla_Development_Foundation_Incorporation_si_summary.txt,1353,56,0.0414
acts_2004-01-06_Local_Treasury_Bills_Amendment_si_summary.txt,2631,64,0.0243
bills_2014-03-21_Value_Added_Tax_Amendment_si_summary.txt,2658,62,0.0233
acts_1998-11-12_National_Child_Protection_Authority_si_summary.txt,4645,52,0.0112
acts_1983-07-05_Obscene_Publications_Amendment_si_summary.txt,418,61,0.1459
acts_2005-03-31_Betting_And_Gaming_Levy_Amendment_si_summary.txt,591,79,0.1337
acts_1998-05-15_Finance_Amendment_si_summary.txt,1165,75,0.0644
acts_2000-07-21_Factories_Amendment_si_summary.txt,1301,71,0.0546
acts_2007-09-28_Ratnapura_Marapana_Sastrodaya_Foundation_Incorporation_si_summary.txt,1196,64,0.0535
acts_2011-05-06_Census_Amendment_si_summary.txt,348,60,0.1724
acts_1988-12-17_Saarc_Regional_Convention_on_Suppression_of_Terrorism_si_summary.txt,1380,68,0.0493
bills_2014-09-19_Appropriation_Amendment_GS_si_summary.txt,189,67,0.3545
bills_2011-06-06_Madahapola_Sri_Ratnapalaramaya_Religious_and_Buddhist_Educational_Development_Foundation_Incorporation_si_summary.txt,1377,50,0.0363
acts_1990-03-06_Inland_Trust_Receipts_si_summary.txt,1740,57,0.0328
acts_1984-01-31_Sri_Lanka_Ports_Authority_Amendment_si_summary.txt,6059,68,0.0112
acts_2000-07-19_Katuwana_Adults_Care_Centre_Development_Foundation_Incorporation_si_summary.txt,1271,56,0.0441
acts_1994-10-28_Commission_to_Investigate_Allegations_of_Bribbery_or_Corruption_si_summary.txt,6293,68,0.0108
acts_2006-11-06_Births_and_Deaths_Registration_Amendment_si_summary.txt,359,51,0.1421
acts_2007-06-20_Shantha_Childrens_Education_Services_Foundation_Incorporation_si_summary.txt,1059,71,0.067
acts_1988-12-17_Regulation_of_Fertilizer_si_summary.txt,4012,70,0.0174
acts_2007-03-08_Sri_Sarananda_Development_Foundation_Incorporation_si_summary.txt,1150,56,0.0487
acts_2011-02-23_Tharunyata_Hetak_Organization_Incorporation_si_summary.txt,1815,46,0.0253
bills_2013-09-30_Sri_Lanka_Institute_of_Taxation_Incorporation_Amendment_si_summary.txt,799,74,0.0926
bills_2013-09-09_Convention_against_Doping_in_Sports_si_summary.txt,5618,62,0.011
acts_1986-02-18_National_Film_Corporation_Trust_for_Film_Artistes_and_Technicians_si_summary.txt,2050,63,0.0307
bills_2014-03-21_Monetary_Law_Amendment_si_summary.txt,263,58,0.2205
acts_1984-07-25_Sarvodaya_Trust_Fund_For_the_Advancement_of_Humanity_Development_and_Peace_Incorporation_si_summary.txt,3426,69,0.0201
acts_2002-07-17_Penal_Code_Amendment_si_summary.txt,180,62,0.3444
acts_1998-07-28_Immigrants_and_Emigrants_Amendment_si_summary.txt,488,55,0.1127
acts_1982-12-30_Criminal_Procedure_Special_Provisions_Amendment_si_summary.txt,253,57,0.2253
acts_1984-01-13_Gampaha_Young_Mens_Buddhist_Association_Incor_si_summary.txt,1095,65,0.0594
acts_1993-01-29_Grama_Seva_Niladhari_Change_of_Designation_si_summary.txt,237,56,0.2363
acts_2006-12-21_Dharmayathana_Conservation_Society_Incorporation_si_summary.txt,1706,58,0.034
acts_2002-10-04_Survey_Act_si_summary.txt,9028,59,0.0065
bills_2013-02-26_Inland_Revenue_Amendment_si_summary.txt,7487,68,0.0091
acts_1984-06-27_Sukhitha_Subasadhaka_Sangamaya_Incorporation_si_summary.txt,948,69,0.0728
acts_2007-09-24_Board_of_Trustees_of_the_Bhagawan_Sri_Sathya_Sai_Central_Trust_of_Sri_Lanka_Incorporation_si_summary.txt,1509,64,0.0424
acts_1987-05-21_Mortgage_Amendment_si_summary.txt,132,62,0.4697
bills_2011-11-08_Country_Planning_Ordinance_si_summary.txt,1056,72,0.0682
acts_2011-03-31_Strategic_Development_Project_si_summary.txt,269,63,0.2342
acts_1982-10-12_National_Crafts_Council_and_Allied_Institutions_si_summary.txt,8820,70,0.0079
acts_2000-06-28_Sri_Sunethra_Mahadevi_Pirivena_Rajamaha_Vihara_Sasana_Development_Society_Incorporation_si_summary.txt,1295,51,0.0394
acts_2006-03-31_Stamp_Duty_Special_Provisions_si_summary.txt,1685,59,0.035
acts_2006-12-15_Excise_Special_Provision__Amendment_si_summary.txt,186,49,0.2634
acts_1985-12-27_Code_of_Criminal_Procedure_Amendment_si_summary.txt,625,69,0.1104
acts_2007-09-28_Sarana_Buddhist_Relief_Foundation_Incorporation_si_summary.txt,1156,57,0.0493
acts_1985-08-14_Poor_Relief_si_summary.txt,1637,81,0.0495
bills_2014-08-04_Pradeshiya_Sabha_GS_si_summary.txt,219,62,0.2831
acts_2005-10-03_Prevention_of_Domestic_Violence_si_summary.txt,3188,62,0.0194
acts_1995-12-29_The_Buddhist_and_Pali_Univsersity_of_Sri_Lanka_Amendment_si_summary.txt,6146,47,0.0076
acts_1988-11-30_Sri_Lanka_Broadcasting_Corporation_Amendment_si_summary.txt,3342,65,0.0194
bills_2013-11-25_The_Federation_of_Photographic_Societies_of_Sri_Lanka_Incorporation_si_summary.txt,1477,60,0.0406
acts_2006-02-26_Geneva_Conventions_si_summary.txt,5715,65,0.0114
acts_2009-07-24_Kosala_Dullewa_Foundation_si_summary.txt,1451,74,0.051
acts_1988-12-17_Indemnity_Amendment_si_summary.txt,221,67,0.3032
acts_1981-03-12_Buddhist_Temporalities_Amendment_si_summary.txt,358,54,0.1508
acts_2000-08-18_International_Irrigation_Management_Institute_Amendment_si_summary.txt,776,66,0.0851
acts_2010-12-07_Public_Enterprises_Reform_Commission_of_Sri_Lanka_si_summary.txt,616,43,0.0698
acts_1998-05-21_Antiquities_Amendment_si_summary.txt,2600,60,0.0231
acts_2009-06-12_Sri_Lanka_Institute_of_Landscape_Architects_Act_si_summary.txt,2537,60,0.0236
bills_2014-08-04_Municipal_Councils_GS_si_summary.txt,229,54,0.2358
acts_1993-08-18_Inland_Revenue_Amendment_si_summary.txt,4304,58,0.0135
bills_2013-05-06_K_D_M_Chandra_Bandara_Community_si_summary.txt,1474,46,0.0312
acts_1981-10-29_Mahapola_Higher_Education_Scholarship_Trust_Fund_si_summary.txt,4042,53,0.0131
acts_2014-04-24_Nation_Bulding_Tax_Amendment_si_summary.txt,1054,70,0.0664
acts_1999-03-26_Kegalle_Tharuna_Bauddha_Sangamaya_Incorporation_si_summary.txt,1127,49,0.0435
acts_1998-04-16_Factories_Amendment_si_summary.txt,1181,57,0.0483
acts_1985-09-03_Aganuvara_Taruna_Kavi_Samajaya_Incorporation_si_summary.txt,1115,74,0.0664
acts_1981-12-29_National_Institute_of_Plantation_Management_Amendment_si_summary.txt,288,53,0.184
acts_1982-01-20_Employees_Trust_Fund_Amendment_si_summary.txt,835,68,0.0814
acts_2009-07-23_Road_Development_Authority_Amendment_si_summary.txt,1542,63,0.0409
acts_1985-01-09_Energy_Conservation_Fund_si_summary.txt,2339,73,0.0312
bills_2012-11-19_Convention_on_the_Suppression_of_Terrorist_Financing_Amendment_si_summary.txt,539,61,0.1132
acts_1986-03-20_Development_Councils_Elections_Amendment_si_summary.txt,163,61,0.3742
acts_1988-04-21_Evidence_Amendment_si_summary.txt,112,44,0.3929
acts_1998-06-10_Salihiya_Thaikka_Incorporation_si_summary.txt,1789,60,0.0335
acts_1999-09-23_Sri_Lanka_Institute_of_Local_Governance_si_summary.txt,3248,53,0.0163
acts_2000-08-18_All_Ceylon_Jemmiyathul_Ulama_Incorporation_si_summary.txt,1147,69,0.0602
acts_1981-09-28_Guides_Amendment_si_summary.txt,147,62,0.4218
acts_1986-09-24_Sri_Punyodaya_Samitiya_Incorporation_si_summary.txt,1012,68,0.0672
