File,SummaC_Score
acts_1981-01-29_Presidential_Elections_Special_Provisions_si_summary.txt,0.2749689519405365
acts_1981-02-27_Government_Quarters_Recovery_of_PossessionAmendment_si_summary.txt,0.28808194398880005
acts_1981-03-12_Buddhist_Temporalities_Amendment_si_summary.txt,0.2900776267051697
acts_1981-03-12_Census_Amendment_si_summary.txt,0.2900577187538147
acts_1981-03-12_Ceylon_Institute_of_Scientific_and_Industrial_Research_Amendment_si_summary.txt,0.29194962978363037
acts_1981-05-07_Agrarian_Research_and_Training_Institute_Amendment_si_summary.txt,0.2805239260196686
acts_1981-07-07_Development_Councils_Amendment_si_summary.txt,0.2835400700569153
acts_1981-08-28_Maternity_Benefits_Amendment_si_summary.txt,0.28724831342697144
acts_1981-09-28_Guides_Amendment_si_summary.txt,0.28206390142440796
acts_1981-10-29_Mahapola_Higher_Education_Scholarship_Trust_Fund_si_summary.txt,0.2854694128036499
acts_1981-11-03_Sir_John_Kotalawala_Defence_Academy_si_summary.txt,0.2962881028652191
acts_1981-12-29_National_Institute_of_Plantation_Management_Amendment_si_summary.txt,0.29120761156082153
acts_1981-12-29_Sugarcane_Research_Institute_si_summary.txt,0.3041263818740845
acts_1982-01-20_Air_Navigation_Special_Provisions_si_summary.txt,0.2857069671154022
acts_1982-01-20_Employees_Trust_Fund_Amendment_si_summary.txt,0.2868150770664215
acts_1982-05-31_Badulla_Sri_Saddharmananda_Association_Incorporation_si_summary.txt,0.29697635769844055
acts_1982-10-12_National_Crafts_Council_and_Allied_Institutions_si_summary.txt,0.27878430485725403
acts_1982-12-30_Criminal_Procedure_Special_Provisions_Amendment_si_summary.txt,0.28754788637161255
acts_1982-12-30_Thanthai_Chelva_Memorial_Trust_Incorporation_si_summary.txt,0.2735822796821594
acts_1982-12-31_Colombo_District_Low_-_lying_Areas_Reclamation_and_Development_Board_Amendment_si_summary.txt,0.2943810224533081
acts_1983-01-27_Katugastota_Bauddha_Balamandalaya_Incorporation_si_summary.txt,0.3005082309246063
acts_1983-01-27_Knives_Amendment_si_summary.txt,0.2904684543609619
acts_1983-05-19_Makola_Muslim_Orphanage_Incorporation_si_summary.txt,0.2949083149433136
acts_1983-07-05_Obscene_Publications_Amendment_si_summary.txt,0.2874123454093933
acts_1983-08-10_Printers_and_Publishers_Amendment_si_summary.txt,0.28283652663230896
acts_1983-08-10_Young_Mens_Buddhist_Association_Minuwangoda_Incorporation_si_summary.txt,0.2874387800693512
acts_1983-10-07_Turnover_Tax_Amendment_si_summary.txt,0.2899855673313141
acts_1983-10-17_Lajnathul_Masjidul_Jamiya_Sailan_Incorporation_si_summary.txt,0.30035579204559326
acts_1983-12-08_Motor_Traffic_Amendment_si_summary.txt,0.29097479581832886
acts_1983-12-29_Rehabilitation_Levy_si_summary.txt,0.29117801785469055
acts_1984-01-13_Employees_Councils_Amendment_si_summary.txt,0.28507041931152344
acts_1984-01-13_Gampaha_Young_Mens_Buddhist_Association_Incor_si_summary.txt,0.2752528488636017
acts_1984-01-13_Kandy_Friend-In-Need_Society_Incorporation_si_summary.txt,0.28674939274787903
acts_1984-01-27_Sri_Lanka_Standards_Institution_si_summary.txt,0.28735777735710144
acts_1984-01-31_Sri_Lanka_Ports_Authority_Amendment_si_summary.txt,0.292321115732193
acts_1984-06-27_Sukhitha_Subasadhaka_Sangamaya_Incorporation_si_summary.txt,0.2863054871559143
acts_1984-07-25_Sarvodaya_Trust_Fund_For_the_Advancement_of_Humanity_Development_and_Peace_Incorporation_si_summary.txt,0.3023086190223694
acts_1984-10-11_Cosmetics_Devices_and_Drugs_Amendment_si_summary.txt,0.28716129064559937
acts_1984-11-05_Police_Amendment_si_summary.txt,0.28760045766830444
acts_1985-01-09_Energy_Conservation_Fund_si_summary.txt,0.3009054362773895
acts_1985-08-06_Declaration_of_Assets_and_Liabilities_Amendment_si_summary.txt,0.28666171431541443
acts_1985-08-06_Hindu_Cultural_Fund_si_summary.txt,0.29090645909309387
acts_1985-08-14_Poor_Relief_si_summary.txt,0.2958565652370453
acts_1985-09-03_Aganuvara_Taruna_Kavi_Samajaya_Incorporation_si_summary.txt,0.2903517186641693
acts_1985-09-17_Meegamuwa_Bauddha_Sadachara_Wardhana_Samithiya_Incorporation_si_summary.txt,0.2806656062602997
acts_1985-11-20_Maternity_Benefits_Amendment_si_summary.txt,0.28985244035720825
acts_1985-12-27_Code_of_Criminal_Procedure_Amendment_si_summary.txt,0.28959766030311584
acts_1986-02-18_National_Film_Corporation_Trust_for_Film_Artistes_and_Technicians_si_summary.txt,0.30760228633880615
acts_1986-03-20_Development_Councils_Elections_Amendment_si_summary.txt,0.2845393717288971
acts_1986-07-24_Land_Reform_Special_Provisions_Amendment_si_summary.txt,0.29045575857162476
acts_1986-09-05_Railways_Amendment_si_summary.txt,0.28872692584991455
acts_1986-09-24_Sri_Punyodaya_Samitiya_Incorporation_si_summary.txt,0.297476202249527
acts_1986-10-08_Church_of_the_Foursquare_Gospel_in_Sri_Lanka_Incorporation_si_summary.txt,0.3036743700504303
acts_1986-12-02_Control_of_Insurance_Amendment_si_summary.txt,0.295734703540802
acts_1987-03-13_Seva_Vanitha_Movment_of_Sri_Lanka_Incorporation_si_summary.txt,0.2951194941997528
acts_1987-04-16_Local_Authorities_Special_Provisions_Amendment_si_summary.txt,0.2860155701637268
acts_1987-04-16_Local_Government_Service_Amendment_si_summary.txt,0.2920987904071808
acts_1987-05-21_Cosmetics_Devices_and_Drugs_Amendment_si_summary.txt,0.28744515776634216
acts_1987-05-21_Mortgage_Amendment_si_summary.txt,0.28798574209213257
acts_1987-06-02_Imports_and_Exports_Control_Amendment_si_summary.txt,0.29134130477905273
acts_1987-06-25_Partition_Amendment_si_summary.txt,0.28214478492736816
acts_1987-11-24_Local_Authorities_Special_Provisions_si_summary.txt,0.2159743756055832
acts_1988-03-25_Inland_Revenue_Amendment_si_summary.txt,0.3042491376399994
acts_1988-04-21_Evidence_Amendment_si_summary.txt,0.28763923048973083
acts_1988-06-22_Sri_Lanka_Nurses_Council_Amendment_si_summary.txt,0.2902493476867676
acts_1988-11-24_Sri_Lanka_Rupawahini_Corporation_Amendment_si_summary.txt,0.28586065769195557
acts_1988-11-30_Sri_Lanka_Broadcasting_Corporation_Amendment_si_summary.txt,0.3062056303024292
acts_1988-12-17_Declaration_of_Assets_and_Liabilities_Amendment_si_summary.txt,0.2978639006614685
acts_1988-12-17_Indemnity_Amendment_si_summary.txt,0.2840532958507538
acts_1988-12-17_Institute_of_Management_of_Sri_Lanka_Incorporation_si_summary.txt,0.29555943608283997
acts_1988-12-17_National_Academy_of_Sciences_of_Sri_Lanka_Incorporation_si_summary.txt,0.2552362382411957
acts_1988-12-17_Regulation_of_Fertilizer_si_summary.txt,0.2728196382522583
acts_1988-12-17_Saarc_Regional_Convention_on_Suppression_of_Terrorism_si_summary.txt,0.2865815758705139
acts_1988-12-18_J_R_Jayewardene_Centre_si_summary.txt,0.2920258641242981
acts_1990-03-06_Code_of_Criminal_Procedure_Amendment_si_summary.txt,0.28759440779685974
acts_1990-03-06_Inland_Trust_Receipts_si_summary.txt,0.2919178307056427
acts_1990-06-01_Tertiary_and_Vocational_Education_si_summary.txt,0.2899510860443115
acts_1990-06-29_Local_Authorities_Elections_Amendment_si_summary.txt,0.27904078364372253
acts_1993-01-29_Grama_Seva_Niladhari_Change_of_Designation_si_summary.txt,0.2837940454483032
acts_1993-08-18_Inland_Revenue_Amendment_si_summary.txt,0.2990226149559021
acts_1993-10-20_Kuda_Uduwe_Nalanda_Sanwardhana_Samithiya_Incorporation_si_summary.txt,0.303486704826355
acts_1994-01-21_Sri_Lanka_Energy_Managers_Association_si_summary.txt,0.29118847846984863
acts_1994-03-04_Sri_Lanka_Bureau_of_Foreign_Employment_Amendment_si_summary.txt,0.29447633028030396
acts_1994-05-27_Debt_Recovery_Special_Provisions_Amendment_si_summary.txt,0.32021698355674744
acts_1994-10-28_Commission_to_Investigate_Allegations_of_Bribbery_or_Corruption_si_summary.txt,0.274466872215271
acts_1994-12-30_Appropriation_Amendment_si_summary.txt,0.28665396571159363
acts_1994-12-30_Defence_Levy_Amendment_si_summary.txt,0.29213929176330566
acts_1994-12-30_Surcharge_on_Income_Tax_Amendment_si_summary.txt,0.2917918860912323
acts_1995-12-15_Samurdhi_Authority_of_Sri_Lanka_si_summary.txt,0.31698718667030334
acts_1995-12-29_The_Buddhist_and_Pali_Univsersity_of_Sri_Lanka_Amendment_si_summary.txt,0.2907150089740753
acts_1998-03-13_Richmond_College_Old_Boys_Association_Incorporation_si_summary.txt,0.2818531394004822
acts_1998-04-16_Factories_Amendment_si_summary.txt,0.2968564033508301
acts_1998-05-15_Finance_Amendment_si_summary.txt,0.2907671630382538
acts_1998-05-21_Antiquities_Amendment_si_summary.txt,0.2949419617652893
acts_1998-05-27_Sri_Lanka_Historical_Association_Incorporation_si_summary.txt,0.2971416413784027
acts_1998-06-10_Salihiya_Thaikka_Incorporation_si_summary.txt,0.28898996114730835
acts_1998-06-12_Evidence_Amendment_si_summary.txt,0.2974388599395752
acts_1998-06-15_Kolping_Society_of_Sri_Lanka_Incorporation_si_summary.txt,0.2847655117511749
acts_1998-07-28_Immigrants_and_Emigrants_Amendment_si_summary.txt,0.28978243470191956
acts_1998-09-14_Tax_and_Foreign_Exchange_Amnesty_Act_si_summary.txt,0.2868402898311615
acts_1998-11-12_National_Child_Protection_Authority_si_summary.txt,0.3435942530632019
acts_1999-02-10_Calvary_Church_of_Sri_Lanka_Incorporation_si_summary.txt,0.29574665427207947
acts_1999-02-10_Special_Educational_Society_Incorporation_si_summary.txt,0.27863582968711853
acts_1999-03-26_Kegalle_Tharuna_Bauddha_Sangamaya_Incorporation_si_summary.txt,0.2882905602455139
acts_1999-04-09_Institute_of_Policy_Studies_of_Sri_Lanka_Amendment_si_summary.txt,0.2912085950374603
acts_1999-06-15_Palaka_Sabhawa_of_Beruwala_Malewana_Sri_Gnanissara_Ayurvedic_Medical_College_Incorporation_si_summary.txt,0.2896191477775574
acts_1999-06-24_Council_of_the_College_of_Community_Physicians_of_Sri_Lanka_Incorporation_si_summary.txt,0.29416990280151367
acts_1999-07-16_Agricultural_and_Agrarian_Insurance_si_summary.txt,0.310479074716568
acts_1999-08-12_National_Savings_Bank_Amendment_si_summary.txt,0.28646665811538696
acts_1999-09-23_Sri_Lanka_Institute_of_Local_Governance_si_summary.txt,0.30068904161453247
acts_1999-10-07_Social_Security_Board_Amendment_si_summary.txt,0.28989386558532715
acts_1999-11-11_Vijaya_Kumaratunga_Memorial_Hospital_Board_si_summary.txt,0.29149842262268066
acts_1999-12-10_Appropriation_Amendment_si_summary.txt,0.29044002294540405
acts_2000-05-22_Uthuru_Kalutara_Pauranika_Kande_Vivekarama_Viharastha_Development_Fund_Incorporation_si_summary.txt,0.28830915689468384
acts_2000-05-31_Habarakada_Siri_Dharmawijaya_Sahana_Sewa_Foundation_Incorporation_si_summary.txt,0.28938817977905273
acts_2000-06-28_Sri_Sunethra_Mahadevi_Pirivena_Rajamaha_Vihara_Sasana_Development_Society_Incorporation_si_summary.txt,0.3020395338535309
acts_2000-07-12_Minimum_wages_Indian_Labour_Amendment_si_summary.txt,0.2847229838371277
acts_2000-07-19_Katuwana_Adults_Care_Centre_Development_Foundation_Incorporation_si_summary.txt,0.3013576567173004
acts_2000-07-19_Stamp_Duty_Amendment_si_summary.txt,0.291449636220932
acts_2000-07-19_The_Board_of_Trustees_of_the_Ronnie_de_Mel_Ruhunu_University_Trust_Incorporation_si_summary.txt,0.2972691059112549
acts_2000-07-21_Factories_Amendment_si_summary.txt,0.3008700907230377
acts_2000-07-27_Cassim_Family_Trust_Incorporation_si_summary.txt,0.3022260367870331
acts_2000-08-18_All_Ceylon_Jemmiyathul_Ulama_Incorporation_si_summary.txt,0.2826264500617981
acts_2000-08-18_International_Irrigation_Management_Institute_Amendment_si_summary.txt,0.2834100127220154
acts_2000-08-18_Mahara_Social_Development_Foundation_Incorporation_si_summary.txt,0.29457393288612366
acts_2002-07-17_Penal_Code_Amendment_si_summary.txt,0.28207719326019287
acts_2002-10-04_Survey_Act_si_summary.txt,0.286963552236557
acts_2002-10-04_Youth_Corps_si_summary.txt,0.3006637990474701
acts_2002-12-18_Civil_Aviation_Authority_of_Sri_Lanka_si_summary.txt,0.31276214122772217
acts_2003-07-30_Mediation_Special_Categories_of_Disputes_si_summary.txt,0.28662705421447754
acts_2003-10-22_National_Housing_Development_Authority_Amendment_si_summary.txt,0.28928306698799133
acts_2003-12-15_Association_of_Consulting_Engineers_Sri_Lanka_Incorporation_si_summary.txt,0.29253795742988586
acts_2004-01-06_Local_Treasury_Bills_Amendment_si_summary.txt,0.29755377769470215
acts_2005-02-22_Civil_Procedure_Code_Amendment_si_summary.txt,0.28519925475120544
acts_2005-03-30_Value_Added_Tax_Amendment_si_summary.txt,0.2963133752346039
acts_2005-03-31_Betting_And_Gaming_Levy_Amendment_si_summary.txt,0.2871122658252716
acts_2005-05-06_Societies_Ordinance_Amendment_si_summary.txt,0.2871694564819336
acts_2005-05-31_Code_of_Criminal_Procedure_Amendment_si_summary.txt,0.2897968888282776
acts_2005-06-15_Saumyamoorthi_Thondaman_Memorial_Foundation_si_summary.txt,0.29460760951042175
acts_2005-08-02_Code_of_Criminal_Procedure_Amendment_si_summary.txt,0.28583186864852905
acts_2005-10-03_Prevention_of_Domestic_Violence_si_summary.txt,0.29933714866638184
acts_2005-11-21_Commercial_Mediation_Centre_of_Sri_Lanka_Amendment_si_summary.txt,0.29580721259117126
acts_2006-02-26_Geneva_Conventions_si_summary.txt,0.26087188720703125
acts_2006-03-31_Stamp_Duty_Special_Provisions_si_summary.txt,0.2839527726173401
acts_2006-11-06_Births_and_Deaths_Registration_Amendment_si_summary.txt,0.28566181659698486
acts_2006-12-15_Excise_Special_Provision__Amendment_si_summary.txt,0.28362345695495605
acts_2006-12-21_Dharmayathana_Conservation_Society_Incorporation_si_summary.txt,0.28990063071250916
acts_2006-12-28_High_Court_of_the_Provinces_Special_Provisions_Amendment_si_summary.txt,0.29576194286346436
acts_2007-01-22_Mental_Development_and_Research_Center_Incorporation_si_summary.txt,0.3064673840999603
acts_2007-01-29_Sri_Lanka_Federation_of_the_Visually_Handicapped_Incorporation_si_summary.txt,0.2958720326423645
acts_2007-02-09_Samastha_Lanka_International_Development_Association_Incorporation_si_summary.txt,0.2940703332424164
acts_2007-03-08_Sri_Sarananda_Development_Foundation_Incorporation_si_summary.txt,0.29814475774765015
acts_2007-06-20_Shantha_Childrens_Education_Services_Foundation_Incorporation_si_summary.txt,0.2978590428829193
acts_2007-07-12_Ceylon_Hotels_Corporation_si_summary.txt,0.29107028245925903
acts_2007-07-13_National_Institute_of_Language_Education_and_Training_si_summary.txt,0.29664525389671326
acts_2007-08-10_Fouz_Trust_Incorporation_si_summary.txt,0.2954528033733368
acts_2007-09-24_Board_of_Trustees_of_the_Bhagawan_Sri_Sathya_Sai_Central_Trust_of_Sri_Lanka_Incorporation_si_summary.txt,0.2961995303630829
acts_2007-09-28_Ratnapura_Marapana_Sastrodaya_Foundation_Incorporation_si_summary.txt,0.29429978132247925
acts_2007-09-28_Sarana_Buddhist_Relief_Foundation_Incorporation_si_summary.txt,0.2916390597820282
acts_2007-10-12_Seethawaka_Maniyangama_Rajamaha_Viharastha_Sanwardhana_Sabhawa_Incorporation_si_summary.txt,0.2971745431423187
acts_2007-10-23_Sir_John_Kothalawala_Defence_Academy_Amendment_si_summary.txt,0.29285579919815063
acts_2008-02-29_Economic_Service_Charge_Amendment_si_summary.txt,0.2874376177787781
acts_2008-03-05_Commissions_of_inquiry_amendment_si_summary.txt,0.3097914159297943
acts_2008-04-29_Institute_of_Dharuth_Thowheed_Assalafiyya_Incorporation_si_summary.txt,0.29142794013023376
acts_2008-05-15_Wadduwa_Vivekarama_Community_Development_Foundation_Incorporation_si_summary.txt,0.3270973265171051
acts_2008-07-15_Attanagalla_Development_Foundation_Incorporation_si_summary.txt,0.29449722170829773
acts_2008-09-26_Information_and_Communication_Technology_Amendment_si_summary.txt,0.27852556109428406
acts_2008-10-23_Urban_Settlement_Development_Authority_si_summary.txt,0.28733476996421814
acts_2009-05-18_Local_Authorities_Special_Provisions_Amendment_si_summary.txt,0.2871527373790741
acts_2009-06-12_Sri_Lanka_Institute_of_Landscape_Architects_Act_si_summary.txt,0.3013927936553955
acts_2009-07-23_Road_Development_Authority_Amendment_si_summary.txt,0.28717344999313354
acts_2009-07-24_Kosala_Dullewa_Foundation_si_summary.txt,0.29872262477874756
acts_2009-07-24_Society_of_Structural_Engineers_of_Sri_Lanka_Incorporation_si_summary.txt,0.301203191280365
acts_2009-08-17_Rev_Moonamale_Dhammarathana_Memorial_Foundation_incorporation_si_summary.txt,0.29360291361808777
acts_2009-09-25_Secured_Transactions_si_summary.txt,0.3220715820789337
acts_2009-09-25_Sri_Lanka_Society_for_the_Prevention_of_cruelty_to_Animals_Incorporation_si_summary.txt,0.30802327394485474
acts_2009-10-01_Foreign_Employment_Bureau_si_summary.txt,0.30270135402679443
acts_2009-10-16_Parliamentary_Elections_si_summary.txt,0.29267942905426025
acts_2009-11-12_Samaja_Sahana_Padanama_Incorporation_si_summary.txt,0.30588266253471375
acts_2009-11-20_Appropriation_Amendment_Act_No_69_si_summary.txt,0.28620538115501404
acts_2009-12-18_Premadasa_Hegoda_Foundation_Incorporation_si_summary.txt,0.2971958816051483
acts_2010-12-07_Public_Enterprises_Reform_Commission_of_Sri_Lanka_si_summary.txt,0.28792697191238403
acts_2011-02-07_Regulation_of_Insurance_Industry_Amendment_si_summary.txt,0.28637024760246277
acts_2011-02-23_Tharunyata_Hetak_Organization_Incorporation_si_summary.txt,0.29666420817375183
acts_2011-03-22_Red_Lotus_Organization_for_Humanitarian_Services_Incorporation_si_summary.txt,0.2964004874229431
acts_2011-03-31_Regional_Infrastructure_Development_Levy_Repeal_si_summary.txt,0.28905999660491943
acts_2011-03-31_Strategic_Development_Project_si_summary.txt,0.2899954319000244
acts_2011-05-03_Pina_Organisation_Incorporation_si_summary.txt,0.3068247139453888
acts_2011-05-06_Census_Amendment_si_summary.txt,0.29182180762290955
acts_2011-06-07_Food_si_summary.txt,0.29300457239151
acts_2011-10-06_Convention_of_the_suppression_of_Terrorism_Financing_Amendment_si_summary.txt,0.2830199599266052
acts_2011-11-30_Coast_Conservation_si_summary.txt,0.29642897844314575
acts_2012-02-15_Tax_Appeals_Commission_si_summary.txt,0.2889764606952667
acts_2013-03-22_Economic_Service_Charge_Amendment_si_summary.txt,0.28804197907447815
acts_2013-03-22_Excise_Amendment_si_summary.txt,0.28970572352409363
acts_2013-03-22_Ports_and_Airports_Developments_Levy_Amendment_si_summary.txt,0.2906375527381897
acts_2013-04-26_Finance_Act_si_summary.txt,0.2842878997325897
acts_2013-04-26_Inland_Revenue_si_summary.txt,0.30656149983406067
acts_2013-05-10_Births_and_Deaths_Registration_si_summary.txt,0.2909461259841919
acts_2013-07-12_Parliamentary_Scholarship_Board_Repeal_si_summary.txt,0.2909558415412903
acts_2013-11-22_Fisheries_and_Acquatic_Resources_Amendment_si_summary.txt,0.29167988896369934
acts_2014-03-04_Chandima_Weerakkody_Foundation_Incorporation_si_summary.txt,0.30532142519950867
acts_2014-04-24_Nation_Bulding_Tax_Amendment_si_summary.txt,0.2922358810901642
acts_2014-04-24_Samastha_Lanka_Sasanarakshaka_Mandalaya_Incorporation_si_summary.txt,0.28945672512054443
acts_2014-04-24_Value_Added_Tax_si_summary.txt,0.2916658818721771
acts_2014-06-17_Victor_Antony_Foundation_Incorporation_si_summary.txt,0.2863817811012268
acts_2014-08-21_Roman_Catholic_Archbishop_and_Bishops_of_Ceylon_Amendment_si_summary.txt,0.2904394268989563
bills_2010-10-19_Animal_Welfare_si_summary.txt,0.32161182165145874
bills_2011-02-09_Maithripala_Senanayake_Foundation_si_summary.txt,0.2694913446903229
bills_2011-06-06_Madahapola_Sri_Ratnapalaramaya_Religious_and_Buddhist_Educational_Development_Foundation_Incorporation_si_summary.txt,0.29665517807006836
bills_2011-11-08_Country_Planning_Ordinance_si_summary.txt,0.2904590368270874
bills_2012-02-23_Pandu_Bandaranayake_Hela_Jana_Foundation_si_summary.txt,0.3092010021209717
bills_2012-03-22_Computer_Society_si_summary.txt,0.3119952082633972
bills_2012-06-11_Sri_Gunarathana_International_Foundation_Incorporation_GS_si_summary.txt,0.3251953721046448
bills_2012-09-19_Bareerah_Muslim_Ladies_Arabic_College_Incor_si_summary.txt,0.2952320873737335
bills_2012-11-12_Navy_Amendment_GS_si_summary.txt,0.29160434007644653
bills_2012-11-19_Convention_on_the_Suppression_of_Terrorist_Financing_Amendment_si_summary.txt,0.28723135590553284
bills_2013-02-13_Roman_Catholic_Archbishop_and_Bishops_of_Ceylon_Amend_si_summary.txt,0.29926979541778564
bills_2013-02-26_Inland_Revenue_Amendment_si_summary.txt,0.3057169020175934
bills_2013-02-26_Notaries_Amendment_si_summary.txt,0.2861246168613434
bills_2013-03-08_Muslim_Marriage_and_Divorce_Amendment_si_summary.txt,0.28765571117401123
bills_2013-05-06_K_D_M_Chandra_Bandara_Community_si_summary.txt,0.3064388036727905
bills_2013-06-17_Sivmuni_Vehera_Buddhist_Foundation_Incorporation_si_summary.txt,0.2998552918434143
bills_2013-07-01_Local_Authorities_Elections_Amendment_si_summary.txt,0.29284653067588806
bills_2013-09-09_Convention_against_Doping_in_Sports_si_summary.txt,0.2842153310775757
bills_2013-09-23_Al_Manar_College_Incorporation_si_summary.txt,0.2982846200466156
bills_2013-09-30_Sri_Lanka_Institute_of_Taxation_Incorporation_Amendment_si_summary.txt,0.29583239555358887
bills_2013-10-07_Fisheries_and_Aquatic_Bill_si_summary.txt,0.3374476432800293
bills_2013-11-25_The_Federation_of_Photographic_Societies_of_Sri_Lanka_Incorporation_si_summary.txt,0.2908998727798462
bills_2013-12-09_Study_Centre_for_the_Advancement_of_Technology_and_Social_Welfare_Incorporation_si_summary.txt,0.2832513451576233
bills_2014-03-07_Royal_Charity_Foundation_Incorporation_si_summary.txt,0.3052160143852234
bills_2014-03-21_Companies_Amendment_si_summary.txt,0.29383575916290283
bills_2014-03-21_Monetary_Law_Amendment_si_summary.txt,0.2864765524864197
bills_2014-03-21_Value_Added_Tax_Amendment_si_summary.txt,0.2923312485218048
bills_2014-08-04_Local_Authorities_Elections_GS_si_summary.txt,0.28944236040115356
bills_2014-08-04_Municipal_Councils_GS_si_summary.txt,0.289847731590271
bills_2014-08-04_Pradeshiya_Sabha_GS_si_summary.txt,0.2908902168273926
bills_2014-08-04_Urban_Councils_GS_si_summary.txt,0.29055553674697876
bills_2014-09-19_Appropriation_Amendment_GS_si_summary.txt,0.2871007025241852
bills_2014-10-03_DFCC_Bank_Repeal_and_Consequential_ProvisionsGS_si_summary.txt,0.2944156527519226
bills_2014-10-03_Sri_Lanka_Atomic_Energy_GS_si_summary.txt,0.3275475800037384
bills_2014-10-10_DFCC_Bank_Repeal_and_Consequential_Provisions_si_summary.txt,0.29040828347206116
