File,Density_Score
acts_1984-10-11_Cosmetics_Devices_and_Drugs_Amendment_si_summary.txt,4.1875
acts_1987-03-13_Seva_Vanitha_Movment_of_Sri_Lanka_Incorporation_si_summary.txt,2.3607
acts_2009-08-17_Rev_Moonamale_Dhammarathana_Memorial_Foundation_incorporation_si_summary.txt,2.931
acts_2007-08-10_Fouz_Trust_Incorporation_si_summary.txt,2.7969
acts_2011-06-07_Food_si_summary.txt,2.6111
acts_1982-12-30_Thanthai_Chelva_Memorial_Trust_Incorporation_si_summary.txt,3.0
acts_1981-03-12_Ceylon_Institute_of_Scientific_and_Industrial_Research_Amendment_si_summary.txt,2.4118
acts_2009-05-18_Local_Authorities_Special_Provisions_Amendment_si_summary.txt,3.9844
acts_2000-07-27_Cassim_Family_Trust_Incorporation_si_summary.txt,2.619
acts_2005-05-06_Societies_Ordinance_Amendment_si_summary.txt,2.4603
bills_2014-10-03_Sri_Lanka_Atomic_Energy_GS_si_summary.txt,2.3621
acts_2013-04-26_Inland_Revenue_si_summary.txt,2.2794
bills_2014-10-03_DFCC_Bank_Repeal_and_Consequential_ProvisionsGS_si_summary.txt,3.04
acts_2009-09-25_Secured_Transactions_si_summary.txt,2.4355
acts_2013-03-22_Ports_and_Airports_Developments_Levy_Amendment_si_summary.txt,2.339
acts_2008-10-23_Urban_Settlement_Development_Authority_si_summary.txt,2.2833
acts_1998-05-27_Sri_Lanka_Historical_Association_Incorporation_si_summary.txt,3.9041
acts_1982-05-31_Badulla_Sri_Saddharmananda_Association_Incorporation_si_summary.txt,2.7027
acts_2011-05-03_Pina_Organisation_Incorporation_si_summary.txt,2.8889
acts_2009-11-20_Appropriation_Amendment_Act_No_69_si_summary.txt,3.8167
bills_2013-07-01_Local_Authorities_Elections_Amendment_si_summary.txt,4.5111
acts_1999-02-10_Special_Educational_Society_Incorporation_si_summary.txt,3.8235
bills_2012-11-12_Navy_Amendment_GS_si_summary.txt,2.9178
acts_1985-08-06_Hindu_Cultural_Fund_si_summary.txt,2.3462
bills_2013-02-13_Roman_Catholic_Archbishop_and_Bishops_of_Ceylon_Amend_si_summary.txt,4.9091
acts_1984-01-13_Kandy_Friend-In-Need_Society_Incorporation_si_summary.txt,2.7164
acts_1998-06-12_Evidence_Amendment_si_summary.txt,2.3393
acts_2000-07-19_The_Board_of_Trustees_of_the_Ronnie_de_Mel_Ruhunu_University_Trust_Incorporation_si_summary.txt,3.3387
acts_2013-07-12_Parliamentary_Scholarship_Board_Repeal_si_summary.txt,4.0943
acts_1985-11-20_Maternity_Benefits_Amendment_si_summary.txt,2.8833
acts_1987-05-21_Cosmetics_Devices_and_Drugs_Amendment_si_summary.txt,3.0308
acts_1983-05-19_Makola_Muslim_Orphanage_Incorporation_si_summary.txt,2.9
acts_2009-10-01_Foreign_Employment_Bureau_si_summary.txt,2.375
acts_2008-05-15_Wadduwa_Vivekarama_Community_Development_Foundation_Incorporation_si_summary.txt,3.2368
acts_1990-03-06_Code_of_Criminal_Procedure_Amendment_si_summary.txt,4.0536
acts_2007-01-29_Sri_Lanka_Federation_of_the_Visually_Handicapped_Incorporation_si_summary.txt,2.7727
acts_1994-01-21_Sri_Lanka_Energy_Managers_Association_si_summary.txt,3.16
acts_1981-12-29_Sugarcane_Research_Institute_si_summary.txt,3.3382
acts_1983-01-27_Knives_Amendment_si_summary.txt,3.3692
acts_2005-02-22_Civil_Procedure_Code_Amendment_si_summary.txt,4.6182
acts_2005-05-31_Code_of_Criminal_Procedure_Amendment_si_summary.txt,2.64
bills_2013-09-23_Al_Manar_College_Incorporation_si_summary.txt,3.6667
acts_1981-11-03_Sir_John_Kotalawala_Defence_Academy_si_summary.txt,2.48
acts_2007-02-09_Samastha_Lanka_International_Development_Association_Incorporation_si_summary.txt,3.5106
acts_2009-10-16_Parliamentary_Elections_si_summary.txt,2.7541
acts_1999-04-09_Institute_of_Policy_Studies_of_Sri_Lanka_Amendment_si_summary.txt,2.8289
acts_1994-05-27_Debt_Recovery_Special_Provisions_Amendment_si_summary.txt,2.2034
acts_2014-08-21_Roman_Catholic_Archbishop_and_Bishops_of_Ceylon_Amendment_si_summary.txt,3.1389
acts_1990-06-01_Tertiary_and_Vocational_Education_si_summary.txt,2.4783
acts_1998-03-13_Richmond_College_Old_Boys_Association_Incorporation_si_summary.txt,3.3521
acts_2005-06-15_Saumyamoorthi_Thondaman_Memorial_Foundation_si_summary.txt,2.65
acts_1983-01-27_Katugastota_Bauddha_Balamandalaya_Incorporation_si_summary.txt,4.1781
bills_2012-09-19_Bareerah_Muslim_Ladies_Arabic_College_Incor_si_summary.txt,3.9322
acts_1985-09-17_Meegamuwa_Bauddha_Sadachara_Wardhana_Samithiya_Incorporation_si_summary.txt,4.5135
acts_1994-03-04_Sri_Lanka_Bureau_of_Foreign_Employment_Amendment_si_summary.txt,3.0274
acts_2008-09-26_Information_and_Communication_Technology_Amendment_si_summary.txt,2.4259
acts_1999-06-15_Palaka_Sabhawa_of_Beruwala_Malewana_Sri_Gnanissara_Ayurvedic_Medical_College_Incorporation_si_summary.txt,3.6833
acts_2008-02-29_Economic_Service_Charge_Amendment_si_summary.txt,3.1207
acts_1987-04-16_Local_Government_Service_Amendment_si_summary.txt,3.9508
acts_2011-11-30_Coast_Conservation_si_summary.txt,3.2667
acts_1987-11-24_Local_Authorities_Special_Provisions_si_summary.txt,2.8
acts_1995-12-15_Samurdhi_Authority_of_Sri_Lanka_si_summary.txt,2.7846
acts_2013-03-22_Economic_Service_Charge_Amendment_si_summary.txt,3.8056
acts_2000-08-18_Mahara_Social_Development_Foundation_Incorporation_si_summary.txt,2.4182
acts_1999-06-24_Council_of_the_College_of_Community_Physicians_of_Sri_Lanka_Incorporation_si_summary.txt,3.7358
acts_2014-04-24_Samastha_Lanka_Sasanarakshaka_Mandalaya_Incorporation_si_summary.txt,2.8085
acts_2005-08-02_Code_of_Criminal_Procedure_Amendment_si_summary.txt,3.4925
acts_1982-01-20_Air_Navigation_Special_Provisions_si_summary.txt,2.2778
acts_1983-12-29_Rehabilitation_Levy_si_summary.txt,3.2206
acts_1998-09-14_Tax_and_Foreign_Exchange_Amnesty_Act_si_summary.txt,2.4267
acts_1983-08-10_Young_Mens_Buddhist_Association_Minuwangoda_Incorporation_si_summary.txt,4.1538
acts_1984-01-27_Sri_Lanka_Standards_Institution_si_summary.txt,2.2576
acts_1981-03-12_Census_Amendment_si_summary.txt,3.058
bills_2013-12-09_Study_Centre_for_the_Advancement_of_Technology_and_Social_Welfare_Incorporation_si_summary.txt,2.6197
acts_1999-02-10_Calvary_Church_of_Sri_Lanka_Incorporation_si_summary.txt,3.1746
acts_1981-08-28_Maternity_Benefits_Amendment_si_summary.txt,3.0476
acts_2005-11-21_Commercial_Mediation_Centre_of_Sri_Lanka_Amendment_si_summary.txt,4.1406
acts_1983-10-17_Lajnathul_Masjidul_Jamiya_Sailan_Incorporation_si_summary.txt,3.7368
acts_1998-06-15_Kolping_Society_of_Sri_Lanka_Incorporation_si_summary.txt,3.6438
acts_1999-11-11_Vijaya_Kumaratunga_Memorial_Hospital_Board_si_summary.txt,2.5106
acts_1987-04-16_Local_Authorities_Special_Provisions_Amendment_si_summary.txt,3.1282
acts_2011-02-07_Regulation_of_Insurance_Industry_Amendment_si_summary.txt,2.8088
acts_2009-12-18_Premadasa_Hegoda_Foundation_Incorporation_si_summary.txt,2.5946
acts_2007-07-12_Ceylon_Hotels_Corporation_si_summary.txt,3.5254
bills_2012-06-11_Sri_Gunarathana_International_Foundation_Incorporation_GS_si_summary.txt,3.2909
acts_2003-10-22_National_Housing_Development_Authority_Amendment_si_summary.txt,3.5208
acts_1993-10-20_Kuda_Uduwe_Nalanda_Sanwardhana_Samithiya_Incorporation_si_summary.txt,2.8966
acts_1994-12-30_Defence_Levy_Amendment_si_summary.txt,2.1867
acts_2009-07-24_Society_of_Structural_Engineers_of_Sri_Lanka_Incorporation_si_summary.txt,2.9848
bills_2014-03-07_Royal_Charity_Foundation_Incorporation_si_summary.txt,2.8769
acts_1988-12-18_J_R_Jayewardene_Centre_si_summary.txt,2.8065
acts_2012-02-15_Tax_Appeals_Commission_si_summary.txt,2.56
acts_1987-06-25_Partition_Amendment_si_summary.txt,3.0
acts_1987-06-02_Imports_and_Exports_Control_Amendment_si_summary.txt,2.8594
acts_1984-01-13_Employees_Councils_Amendment_si_summary.txt,2.7321
acts_2013-03-22_Excise_Amendment_si_summary.txt,3.4154
acts_1984-11-05_Police_Amendment_si_summary.txt,3.6102
bills_2013-06-17_Sivmuni_Vehera_Buddhist_Foundation_Incorporation_si_summary.txt,3.6935
acts_1999-08-12_National_Savings_Bank_Amendment_si_summary.txt,3.16
acts_1983-08-10_Printers_and_Publishers_Amendment_si_summary.txt,3.623
acts_1999-07-16_Agricultural_and_Agrarian_Insurance_si_summary.txt,2.8387
acts_2003-07-30_Mediation_Special_Categories_of_Disputes_si_summary.txt,2.3019
acts_2007-01-22_Mental_Development_and_Research_Center_Incorporation_si_summary.txt,2.3
acts_1986-10-08_Church_of_the_Foursquare_Gospel_in_Sri_Lanka_Incorporation_si_summary.txt,2.9206
acts_1981-07-07_Development_Councils_Amendment_si_summary.txt,3.9833
acts_2013-04-26_Finance_Act_si_summary.txt,2.8971
acts_2005-03-30_Value_Added_Tax_Amendment_si_summary.txt,2.3273
acts_1981-01-29_Presidential_Elections_Special_Provisions_si_summary.txt,2.9688
acts_1988-12-17_National_Academy_of_Sciences_of_Sri_Lanka_Incorporation_si_summary.txt,3.0455
acts_2007-07-13_National_Institute_of_Language_Education_and_Training_si_summary.txt,2.3621
bills_2012-02-23_Pandu_Bandaranayake_Hela_Jana_Foundation_si_summary.txt,4.7887
bills_2014-03-21_Companies_Amendment_si_summary.txt,3.9206
bills_2010-10-19_Animal_Welfare_si_summary.txt,2.375
acts_2002-12-18_Civil_Aviation_Authority_of_Sri_Lanka_si_summary.txt,2.9153
acts_1986-07-24_Land_Reform_Special_Provisions_Amendment_si_summary.txt,4.1754
acts_2014-04-24_Value_Added_Tax_si_summary.txt,2.92
acts_1990-06-29_Local_Authorities_Elections_Amendment_si_summary.txt,3.3492
acts_2014-03-04_Chandima_Weerakkody_Foundation_Incorporation_si_summary.txt,2.5246
acts_2000-05-31_Habarakada_Siri_Dharmawijaya_Sahana_Sewa_Foundation_Incorporation_si_summary.txt,3.5469
acts_1981-02-27_Government_Quarters_Recovery_of_PossessionAmendment_si_summary.txt,2.8182
acts_2011-03-22_Red_Lotus_Organization_for_Humanitarian_Services_Incorporation_si_summary.txt,2.7619
acts_1988-12-17_Declaration_of_Assets_and_Liabilities_Amendment_si_summary.txt,2.5227
acts_2009-11-12_Samaja_Sahana_Padanama_Incorporation_si_summary.txt,3.04
acts_2002-10-04_Youth_Corps_si_summary.txt,3.45
bills_2014-10-10_DFCC_Bank_Repeal_and_Consequential_Provisions_si_summary.txt,3.0299
bills_2013-10-07_Fisheries_and_Aquatic_Bill_si_summary.txt,2.8889
bills_2013-03-08_Muslim_Marriage_and_Divorce_Amendment_si_summary.txt,2.4412
acts_1986-12-02_Control_of_Insurance_Amendment_si_summary.txt,2.4262
acts_1981-05-07_Agrarian_Research_and_Training_Institute_Amendment_si_summary.txt,2.9167
acts_1999-12-10_Appropriation_Amendment_si_summary.txt,3.803
bills_2011-02-09_Maithripala_Senanayake_Foundation_si_summary.txt,4.38
acts_2011-10-06_Convention_of_the_suppression_of_Terrorism_Financing_Amendment_si_summary.txt,2.6812
acts_2007-10-12_Seethawaka_Maniyangama_Rajamaha_Viharastha_Sanwardhana_Sabhawa_Incorporation_si_summary.txt,3.1111
acts_2007-10-23_Sir_John_Kothalawala_Defence_Academy_Amendment_si_summary.txt,3.8667
acts_1983-10-07_Turnover_Tax_Amendment_si_summary.txt,3.2
bills_2014-08-04_Local_Authorities_Elections_GS_si_summary.txt,3.3088
acts_1988-12-17_Institute_of_Management_of_Sri_Lanka_Incorporation_si_summary.txt,3.8133
acts_1988-11-24_Sri_Lanka_Rupawahini_Corporation_Amendment_si_summary.txt,2.8548
acts_1986-09-05_Railways_Amendment_si_summary.txt,2.9722
acts_1982-12-31_Colombo_District_Low_-_lying_Areas_Reclamation_and_Development_Board_Amendment_si_summary.txt,2.7273
acts_1985-08-06_Declaration_of_Assets_and_Liabilities_Amendment_si_summary.txt,3.9565
acts_2013-05-10_Births_and_Deaths_Registration_si_summary.txt,3.2
acts_2014-06-17_Victor_Antony_Foundation_Incorporation_si_summary.txt,2.3836
acts_1988-03-25_Inland_Revenue_Amendment_si_summary.txt,2.3137
bills_2013-02-26_Notaries_Amendment_si_summary.txt,3.2308
acts_2006-12-28_High_Court_of_the_Provinces_Special_Provisions_Amendment_si_summary.txt,2.5085
acts_2008-04-29_Institute_of_Dharuth_Thowheed_Assalafiyya_Incorporation_si_summary.txt,2.8667
acts_2009-09-25_Sri_Lanka_Society_for_the_Prevention_of_cruelty_to_Animals_Incorporation_si_summary.txt,3.2059
acts_2000-05-22_Uthuru_Kalutara_Pauranika_Kande_Vivekarama_Viharastha_Development_Fund_Incorporation_si_summary.txt,3.1831
bills_2012-03-22_Computer_Society_si_summary.txt,3.1639
acts_1999-10-07_Social_Security_Board_Amendment_si_summary.txt,3.0
bills_2014-08-04_Urban_Councils_GS_si_summary.txt,4.0725
acts_2000-07-12_Minimum_wages_Indian_Labour_Amendment_si_summary.txt,3.5224
acts_1988-06-22_Sri_Lanka_Nurses_Council_Amendment_si_summary.txt,2.9559
acts_2011-03-31_Regional_Infrastructure_Development_Levy_Repeal_si_summary.txt,3.7027
acts_2008-03-05_Commissions_of_inquiry_amendment_si_summary.txt,2.5294
acts_2013-11-22_Fisheries_and_Acquatic_Resources_Amendment_si_summary.txt,3.0484
acts_1994-12-30_Surcharge_on_Income_Tax_Amendment_si_summary.txt,2.8889
acts_2003-12-15_Association_of_Consulting_Engineers_Sri_Lanka_Incorporation_si_summary.txt,2.84
acts_1994-12-30_Appropriation_Amendment_si_summary.txt,2.4462
acts_1983-12-08_Motor_Traffic_Amendment_si_summary.txt,3.7818
acts_2000-07-19_Stamp_Duty_Amendment_si_summary.txt,3.058
acts_2008-07-15_Attanagalla_Development_Foundation_Incorporation_si_summary.txt,2.9792
acts_2004-01-06_Local_Treasury_Bills_Amendment_si_summary.txt,2.5294
bills_2014-03-21_Value_Added_Tax_Amendment_si_summary.txt,2.9839
acts_1998-11-12_National_Child_Protection_Authority_si_summary.txt,2.7429
acts_1983-07-05_Obscene_Publications_Amendment_si_summary.txt,2.3208
acts_2005-03-31_Betting_And_Gaming_Levy_Amendment_si_summary.txt,2.9531
acts_1998-05-15_Finance_Amendment_si_summary.txt,2.2742
acts_2000-07-21_Factories_Amendment_si_summary.txt,3.32
acts_2007-09-28_Ratnapura_Marapana_Sastrodaya_Foundation_Incorporation_si_summary.txt,2.5077
acts_2011-05-06_Census_Amendment_si_summary.txt,2.56
acts_1988-12-17_Saarc_Regional_Convention_on_Suppression_of_Terrorism_si_summary.txt,3.5733
bills_2014-09-19_Appropriation_Amendment_GS_si_summary.txt,3.9149
bills_2011-06-06_Madahapola_Sri_Ratnapalaramaya_Religious_and_Buddhist_Educational_Development_Foundation_Incorporation_si_summary.txt,2.4615
acts_1990-03-06_Inland_Trust_Receipts_si_summary.txt,3.12
acts_1984-01-31_Sri_Lanka_Ports_Authority_Amendment_si_summary.txt,2.3667
acts_2000-07-19_Katuwana_Adults_Care_Centre_Development_Foundation_Incorporation_si_summary.txt,3.2239
acts_1994-10-28_Commission_to_Investigate_Allegations_of_Bribbery_or_Corruption_si_summary.txt,2.64
acts_2006-11-06_Births_and_Deaths_Registration_Amendment_si_summary.txt,3.4237
acts_2007-06-20_Shantha_Childrens_Education_Services_Foundation_Incorporation_si_summary.txt,3.0154
acts_1988-12-17_Regulation_of_Fertilizer_si_summary.txt,2.6271
acts_2007-03-08_Sri_Sarananda_Development_Foundation_Incorporation_si_summary.txt,2.6346
acts_2011-02-23_Tharunyata_Hetak_Organization_Incorporation_si_summary.txt,2.6812
bills_2013-09-30_Sri_Lanka_Institute_of_Taxation_Incorporation_Amendment_si_summary.txt,2.4237
bills_2013-09-09_Convention_against_Doping_in_Sports_si_summary.txt,2.3171
acts_1986-02-18_National_Film_Corporation_Trust_for_Film_Artistes_and_Technicians_si_summary.txt,2.85
bills_2014-03-21_Monetary_Law_Amendment_si_summary.txt,3.7794
acts_1984-07-25_Sarvodaya_Trust_Fund_For_the_Advancement_of_Humanity_Development_and_Peace_Incorporation_si_summary.txt,2.6176
acts_2002-07-17_Penal_Code_Amendment_si_summary.txt,2.6735
acts_1998-07-28_Immigrants_and_Emigrants_Amendment_si_summary.txt,3.5926
acts_1982-12-30_Criminal_Procedure_Special_Provisions_Amendment_si_summary.txt,3.8913
acts_1984-01-13_Gampaha_Young_Mens_Buddhist_Association_Incor_si_summary.txt,3.44
acts_1993-01-29_Grama_Seva_Niladhari_Change_of_Designation_si_summary.txt,3.0476
acts_2006-12-21_Dharmayathana_Conservation_Society_Incorporation_si_summary.txt,3.08
acts_2002-10-04_Survey_Act_si_summary.txt,2.0308
bills_2013-02-26_Inland_Revenue_Amendment_si_summary.txt,2.3284
acts_1984-06-27_Sukhitha_Subasadhaka_Sangamaya_Incorporation_si_summary.txt,3.9846
acts_2007-09-24_Board_of_Trustees_of_the_Bhagawan_Sri_Sathya_Sai_Central_Trust_of_Sri_Lanka_Incorporation_si_summary.txt,2.197
acts_1987-05-21_Mortgage_Amendment_si_summary.txt,2.6
bills_2011-11-08_Country_Planning_Ordinance_si_summary.txt,2.459
acts_2011-03-31_Strategic_Development_Project_si_summary.txt,3.3088
acts_1982-10-12_National_Crafts_Council_and_Allied_Institutions_si_summary.txt,2.6102
acts_2000-06-28_Sri_Sunethra_Mahadevi_Pirivena_Rajamaha_Vihara_Sasana_Development_Society_Incorporation_si_summary.txt,4.3167
acts_2006-03-31_Stamp_Duty_Special_Provisions_si_summary.txt,2.3846
acts_2006-12-15_Excise_Special_Provision__Amendment_si_summary.txt,3.8846
acts_1985-12-27_Code_of_Criminal_Procedure_Amendment_si_summary.txt,3.662
acts_2007-09-28_Sarana_Buddhist_Relief_Foundation_Incorporation_si_summary.txt,3.4154
acts_1985-08-14_Poor_Relief_si_summary.txt,2.8364
bills_2014-08-04_Pradeshiya_Sabha_GS_si_summary.txt,3.8814
acts_2005-10-03_Prevention_of_Domestic_Violence_si_summary.txt,2.5
acts_1995-12-29_The_Buddhist_and_Pali_Univsersity_of_Sri_Lanka_Amendment_si_summary.txt,2.1509
acts_1988-11-30_Sri_Lanka_Broadcasting_Corporation_Amendment_si_summary.txt,2.4872
bills_2013-11-25_The_Federation_of_Photographic_Societies_of_Sri_Lanka_Incorporation_si_summary.txt,4.52
acts_2006-02-26_Geneva_Conventions_si_summary.txt,3.0323
acts_2009-07-24_Kosala_Dullewa_Foundation_si_summary.txt,2.8923
acts_1988-12-17_Indemnity_Amendment_si_summary.txt,3.4783
acts_1981-03-12_Buddhist_Temporalities_Amendment_si_summary.txt,3.4933
acts_2000-08-18_International_Irrigation_Management_Institute_Amendment_si_summary.txt,3.1356
acts_2010-12-07_Public_Enterprises_Reform_Commission_of_Sri_Lanka_si_summary.txt,4.2687
acts_1998-05-21_Antiquities_Amendment_si_summary.txt,2.6984
acts_2009-06-12_Sri_Lanka_Institute_of_Landscape_Architects_Act_si_summary.txt,2.8529
bills_2014-08-04_Municipal_Councils_GS_si_summary.txt,3.3378
acts_1993-08-18_Inland_Revenue_Amendment_si_summary.txt,2.7593
bills_2013-05-06_K_D_M_Chandra_Bandara_Community_si_summary.txt,2.6727
acts_1981-10-29_Mahapola_Higher_Education_Scholarship_Trust_Fund_si_summary.txt,2.1724
acts_2014-04-24_Nation_Bulding_Tax_Amendment_si_summary.txt,4.1791
acts_1999-03-26_Kegalle_Tharuna_Bauddha_Sangamaya_Incorporation_si_summary.txt,4.1842
acts_1998-04-16_Factories_Amendment_si_summary.txt,3.7222
acts_1985-09-03_Aganuvara_Taruna_Kavi_Samajaya_Incorporation_si_summary.txt,3.6923
acts_1981-12-29_National_Institute_of_Plantation_Management_Amendment_si_summary.txt,2.2985
acts_1982-01-20_Employees_Trust_Fund_Amendment_si_summary.txt,2.7049
acts_2009-07-23_Road_Development_Authority_Amendment_si_summary.txt,2.7606
acts_1985-01-09_Energy_Conservation_Fund_si_summary.txt,2.9861
bills_2012-11-19_Convention_on_the_Suppression_of_Terrorist_Financing_Amendment_si_summary.txt,3.6333
acts_1986-03-20_Development_Councils_Elections_Amendment_si_summary.txt,4.1935
acts_1988-04-21_Evidence_Amendment_si_summary.txt,3.62
acts_1998-06-10_Salihiya_Thaikka_Incorporation_si_summary.txt,3.0161
acts_1999-09-23_Sri_Lanka_Institute_of_Local_Governance_si_summary.txt,3.7581
acts_2000-08-18_All_Ceylon_Jemmiyathul_Ulama_Incorporation_si_summary.txt,2.5538
acts_1981-09-28_Guides_Amendment_si_summary.txt,2.7681
acts_1986-09-24_Sri_Punyodaya_Samitiya_Incorporation_si_summary.txt,4.4815
